Artist,Followers,Popularity,num_songs,G1,G2,G3,G4,G5,G6,G7,G8,G9,G10,id
Kanye West,13197953,92,49,chicago rap,rap,NA,NA,NA,NA,NA,NA,NA,NA,5K4W6rqBFWDnAN6FQUkS6x
f(x),930378,57,33,k-pop,k-pop girl group,NA,NA,NA,NA,NA,NA,NA,NA,3wRA5UYoo08BBKJnzyKkpF
BTS,28253863,97,31,k-pop,k-pop boy group,NA,NA,NA,NA,NA,NA,NA,NA,3Nrfpe0tUJi4K4DXYWgMUX
Yu Hayami,9212,38,27,classic city pop,techno kayo,NA,NA,NA,NA,NA,NA,NA,NA,1EgJAueSbwh56nECF6YQHX
BoA,555224,62,26,j-idol,k-pop,NA,NA,NA,NA,NA,NA,NA,NA,4muJrGMndyYWqZtfk8OWy4
Justin Timberlake,10235715,84,25,dance pop,pop,NA,NA,NA,NA,NA,NA,NA,NA,31TPClRtHm23RisEBtV3X7
IU,3119291,77,23,k-pop,NA,NA,NA,NA,NA,NA,NA,NA,NA,3HqSLMAZ3g3d5poNaI7GOU
Sakanaction,817118,61,23,hokkaido indie,j-pop,j-poprock,j-rock,japanese electropop,NA,NA,NA,NA,NA,0hCWVMGGQnRVfDgmhwLIxq
Sheena Ringo,971200,61,20,j-pop,j-poprock,j-rock,NA,NA,NA,NA,NA,NA,NA,2XjqKvB2Xz9IdyjWPIHaXi
Kendrick Lamar,16345948,89,19,conscious hip hop,hip hop,rap,west coast rap,NA,NA,NA,NA,NA,NA,2YZyLoL8N0Wb9xBt1NhZWg
Red Velvet,4706116,77,19,k-pop,k-pop girl group,NA,NA,NA,NA,NA,NA,NA,NA,1z4g3DjTBBZKhvAroFlhOM
Drake,52445075,98,18,canadian hip hop,canadian pop,hip hop,pop rap,rap,toronto rap,NA,NA,NA,NA,3TVXtAsR1Inumwj472S9r4
Madonna,4735247,80,18,dance pop,pop,NA,NA,NA,NA,NA,NA,NA,NA,6tbjWDEIzxoDsBA1FuhfPW
Paloalto,20383,54,17,k-rap,NA,NA,NA,NA,NA,NA,NA,NA,NA,2Yv0nlRtzgPl6u0dsS2hFv
YELLOW MAGIC ORCHESTRA,164735,50,17,classic j-rock,electro,proto-techno,shibuya-kei,synthesizer,techno kayo,zolo,NA,NA,NA,2JIf5JxI3ypOSfrfNIIMQE
Lady Gaga,15896566,89,16,dance pop,pop,pop dance,NA,NA,NA,NA,NA,NA,NA,1HY2Jd0NmPuamShAr6KMms
"Royce Da 5'9""",549008,69,16,alternative hip hop,detroit hip hop,gangster rap,hardcore hip hop,hip hop,pop rap,rap,southern hip hop,NA,NA,6DVipHzYsPlIoA0DW8Gmns
Wink,47962,46,14,classic city pop,NA,NA,NA,NA,NA,NA,NA,NA,NA,43sb4bVUPB5mWHAsm9bdT5
CAPSULE,61310,41,13,japanese dance pop,japanese electropop,shibuya-kei,NA,NA,NA,NA,NA,NA,NA,61KJdJU38zrAW4c3PI9C9N
Gwen Stefani,4426363,78,13,dance pop,europop,hip pop,pop,pop dance,post-teen pop,urban contemporary,NA,NA,NA,4yiQZ8tQPux8cPriYMWUFP
Hikaru Utada,1815896,67,13,classic j-pop,j-pop,japanese singer-songwriter,NA,NA,NA,NA,NA,NA,NA,7lbSsjYACZHn1MSDXPxNF2
Ariana Grande,57038752,98,12,dance pop,pop,post-teen pop,NA,NA,NA,NA,NA,NA,NA,66CXWjxzNUsdJxJ2JdwvnR
Eminem,41247208,94,12,detroit hip hop,hip hop,rap,NA,NA,NA,NA,NA,NA,NA,7dGJo4pcD2V6oG8kP0tJRR
EXO,7214157,76,11,k-pop,k-pop boy group,NA,NA,NA,NA,NA,NA,NA,NA,3cjEqqelV9zb4BYE3qDQ4O
Hopsin,1808563,69,11,conscious hip hop,hip hop,pop rap,rap,NA,NA,NA,NA,NA,NA,7EWU4FhUJM1sZQgQKdENeT
Mondo Grosso,84819,48,11,japanese jazztronica,shibuya-kei,NA,NA,NA,NA,NA,NA,NA,NA,4d2zOuYJHBPJTpVblHEKJb
ONEPIXCEL,6732,29,11,idol rock,j-pop girl group,NA,NA,NA,NA,NA,NA,NA,NA,3REyUkjK0a9iovtPazhQvD
Tech N9ne,1877126,75,11,hip hop,kansas city hip hop,pop rap,rap,NA,NA,NA,NA,NA,NA,6UBA15slIuadJ8h2lPRPos
TWICE,7817560,85,11,k-pop,k-pop girl group,NA,NA,NA,NA,NA,NA,NA,NA,7n2Ycct7Beij7Dj7meI4X0
youra,10161,50,11,k-indie,NA,NA,NA,NA,NA,NA,NA,NA,NA,5q9adPv91NFr8q2ZcKmX0V
BLACKPINK,18673331,89,10,k-pop,k-pop girl group,NA,NA,NA,NA,NA,NA,NA,NA,41MozSoPIsD1dJM0CLPjZF
Gorillaz,6474697,82,10,alternative hip hop,NA,NA,NA,NA,NA,NA,NA,NA,NA,3AA28KZvwAUcZuOKwyblJQ
Gotan Project,277810,55,10,electronica,jazztronica,neotango,nu jazz,world,NA,NA,NA,NA,NA,44ejFPE33H5aOInxNV2BFP
Hiromi Iwasaki,45778,45,10,classic city pop,kayokyoku,NA,NA,NA,NA,NA,NA,NA,NA,7ef2Bdyd1lXJmutAbN4ZyO
HyunA,1183844,62,10,k-pop,NA,NA,NA,NA,NA,NA,NA,NA,NA,3UwlejyX2b458azZ7eCnHb
Izumi Makura,26026,38,10,japanese chill rap,kyushu indie,NA,NA,NA,NA,NA,NA,NA,NA,012ldd58H1N5UZLxjMzV29
Namie Amuro,813282,63,10,classic j-pop,j-pop,okinawan pop,NA,NA,NA,NA,NA,NA,NA,4BmWSGKG6HiYvLuJvZ9afa
Nicki Minaj,20172637,91,10,dance pop,hip pop,pop,pop dance,pop rap,post-teen pop,queens hip hop,NA,NA,NA,0hCNtLu0JehylgoiP8L4Gh
Rich Brian,1718090,73,10,indonesian hip hop,NA,NA,NA,NA,NA,NA,NA,NA,NA,2IDLDx25HU1nQMKde4n61a
Swervy,8010,41,10,k-rap,NA,NA,NA,NA,NA,NA,NA,NA,NA,0YE7929Kw8hXmap9LKxUiC
TeddyLoid,55676,54,10,otacore,NA,NA,NA,NA,NA,NA,NA,NA,NA,3GfNJrDTZY7voXPDx8gH9I
ATARASHII GAKKO!,18998,47,9,NA,NA,NA,NA,NA,NA,NA,NA,NA,NA,4OfU76YhPU04wlmbVFFgTJ
Britney Spears,8425922,83,9,dance pop,pop,pop dance,pop rap,post-teen pop,NA,NA,NA,NA,NA,26dSoYclwsYLMAKD3tpOr4
Kim Wan-sun,1300,21,9,classic korean pop,korean city pop,NA,NA,NA,NA,NA,NA,NA,NA,3e0aTvNjIG93ye2YlL90UF
Rihanna,40890553,91,9,barbadian pop,dance pop,pop,pop dance,post-teen pop,r&b,urban contemporary,NA,NA,NA,5pKCCKE2ajJHZ9KAiaK11H
YUKIKA,36650,49,9,k-indie,korean city pop,NA,NA,NA,NA,NA,NA,NA,NA,4RfI1z9u2xIc5Qnqac4JbO
Capcom Sound Team,99369,60,8,anime score,japanese vgm,sound team,NA,NA,NA,NA,NA,NA,NA,3w1Q754jb31h5CXQCcnLNL
HUS,11283,29,8,k-indie,korean city pop,NA,NA,NA,NA,NA,NA,NA,NA,23m7tUHLULVyBAAIYHbsgT
JUSTHIS,25502,55,8,k-rap,NA,NA,NA,NA,NA,NA,NA,NA,NA,0Ch0t9gI47Lkal71uQnmV3
Kiyotaka Sugiyama,30553,54,8,classic city pop,NA,NA,NA,NA,NA,NA,NA,NA,NA,5Zc8dRhik5WK1nxjzcqwfC
Michael Jackson,17265838,85,8,pop,r&b,soul,NA,NA,NA,NA,NA,NA,NA,3fMbdgg4jU18AjLCKBhRSm
No Buses,45783,47,8,j-indie,japanese garage rock,NA,NA,NA,NA,NA,NA,NA,NA,5Tj6sv1bYiB4PqvvXcTSr6
Orange Caramel,227631,46,8,k-pop,k-pop girl group,NA,NA,NA,NA,NA,NA,NA,NA,2QHTtUsN6Q13w3QHdfRqsK
Pink Martini,280619,63,8,adult standards,lounge,vocal jazz,NA,NA,NA,NA,NA,NA,NA,6KyUat70qaniuiZq63HzFZ
Qwala,1475,12,8,NA,NA,NA,NA,NA,NA,NA,NA,NA,NA,2zb68oKonEt9aaoBO0TZP8
Reol,181129,65,8,anime rock,japanese electropop,otacore,NA,NA,NA,NA,NA,NA,NA,7rpKUJ0AnklJ8q9nIPVSpZ
Rina Sawayama,415574,69,8,art pop,dance pop,electropop,escape room,pop,pop dance,NA,NA,NA,NA,2KEqzdPS7M5YwGmiuPTdr5
S. Kiyotaka & Omega Tribe,25732,53,8,classic city pop,NA,NA,NA,NA,NA,NA,NA,NA,NA,7bG2PIfT22HGxisl6LAohx
Sade,2264500,73,8,british soul,neo soul,sophisti-pop,NA,NA,NA,NA,NA,NA,NA,47zz7sob9NUcODy0BTDvKx
Saori Yuki,11785,43,8,kayokyoku,NA,NA,NA,NA,NA,NA,NA,NA,NA,4xMe6s0HgL2CSpUpJO5bd6
Satellite Young,7348,28,8,NA,NA,NA,NA,NA,NA,NA,NA,NA,NA,6zV5EDvJzqY6i7ixlEKSvU
SUNMI,1975196,66,8,k-pop,NA,NA,NA,NA,NA,NA,NA,NA,NA,6MoXcK2GyGg7FIyxPU5yW6
池田典代,1403,22,7,classic city pop,NA,NA,NA,NA,NA,NA,NA,NA,NA,5FlsplkyPTzOB2aWgz2X1M
A Tribe Called Quest,1380013,71,7,alternative hip hop,conscious hip hop,east coast hip hop,gangster rap,hardcore hip hop,hip hop,jazz rap,queens hip hop,rap,NA,09hVIj6vWgoCDtT03h8ZCa
Bajune Tobeta,817,16,7,NA,NA,NA,NA,NA,NA,NA,NA,NA,NA,1fAAIQj0OEjNlUeGTW26W7
Cibo Matto,56914,42,7,shibuya-kei,trip hop,NA,NA,NA,NA,NA,NA,NA,NA,2te8VJxgUxcElC8Uq6eJs6
Hideyuki Fukasawa,796,39,7,japanese vgm,sound team,NA,NA,NA,NA,NA,NA,NA,NA,3cDGDsZOLwD5aBLoX0GICu
LEEBADA,35983,44,7,k-indie,korean r&b,NA,NA,NA,NA,NA,NA,NA,NA,17vCFclNbTzsDfPgsaWaQO
School Food Punishment,23160,32,7,j-poprock,japanese post-rock,NA,NA,NA,NA,NA,NA,NA,NA,3xMxj310bLRnpvtcNPU92a
SUPER JUNIOR,1890124,67,7,k-pop,k-pop boy group,korean pop,NA,NA,NA,NA,NA,NA,NA,6gzXCdfYfFe5XKhPKkYqxV
1986 Omega Tribe,20783,45,6,classic city pop,NA,NA,NA,NA,NA,NA,NA,NA,NA,0ECegKslGWO6zz3XzTyIwQ
Jvcki Wai,50385,49,6,k-rap,korean r&b,NA,NA,NA,NA,NA,NA,NA,NA,4bjcB3ZKiHgPzJvY2S2FLN
Natsu Summer,3579,26,6,city pop,NA,NA,NA,NA,NA,NA,NA,NA,NA,4l3pCmSMjqdSkhWUZp6jCD
Soutaiseiriron,131799,48,6,j-poprock,j-rock,japanese alternative rock,japanese indie pop,shibuya-kei,NA,NA,NA,NA,NA,1bj13qFAwnyM3ILOiFnn1Y
YESEO,28499,34,6,k-indie,korean electropop,korean r&b,NA,NA,NA,NA,NA,NA,NA,3ZjoQ5yuRyPhZSIw5nCVBb
(G)I-DLE,2191936,79,5,k-pop,k-pop girl group,NA,NA,NA,NA,NA,NA,NA,NA,2AfmfGFbe0A0WsTYm0SDTx
Akina Nakamori,192459,54,5,j-pop,japanese new wave,kayokyoku,techno kayo,NA,NA,NA,NA,NA,NA,7140bcJ0ZySe314nUfOo1J
D12,1664047,67,5,detroit hip hop,gangster rap,hip hop,pop rap,rap,NA,NA,NA,NA,NA,5Qi4Bb7a8C0a00NZcA77L0
Danny Brown,582605,64,5,alternative hip hop,detroit hip hop,escape room,hip hop,rap,underground hip hop,NA,NA,NA,NA,7aA592KWirLsnfb5ulGWvU
DAOKO,256087,62,5,anime,j-pixie,japanese electropop,NA,NA,NA,NA,NA,NA,NA,5Qeyh2XKoITt1mlEVtzazC
frederic,210142,56,5,j-pop,j-poprock,j-rock,NA,NA,NA,NA,NA,NA,NA,3srPc1Mytv5GmTWqsQuoXW
Haruomi Hosono,117121,51,5,classic j-rock,fourth world,japanese folk,japanese psychedelic,japanese singer-songwriter,japanese soundtrack,proto-techno,shibuya-kei,NA,NA,370nbSkMB9kDWyTypwWYak
JAY-Z,5920506,86,5,east coast hip hop,hip hop,pop rap,rap,NA,NA,NA,NA,NA,NA,3nFkdlSjzX9mRTtwJOzDYB
Little Simz,298356,60,5,escape room,indie soul,trap queen,uk alternative hip hop,NA,NA,NA,NA,NA,NA,6eXZu6O7nAUA5z6vLV8NKI
Luli Lee,8364,31,5,k-indie,korean city pop,NA,NA,NA,NA,NA,NA,NA,NA,3h4p2PKHb9JejBCHmWlthK
Lupe Fiasco,1528016,70,5,alternative hip hop,chicago rap,conscious hip hop,hip hop,political hip hop,pop rap,rap,southern hip hop,NA,NA,01QTIT5P1pFP3QnnFSdsJf
Monari Wakita,3119,17,5,city pop,NA,NA,NA,NA,NA,NA,NA,NA,NA,2bE5hvtCWXT5F30rcbPI5u
Nucksal,17892,51,5,k-rap,NA,NA,NA,NA,NA,NA,NA,NA,NA,6v5cGuRCZKq08nLI4WXJuB
OOHYO,79992,50,5,k-indie,korean electropop,korean pop,NA,NA,NA,NA,NA,NA,NA,50Zu2bK9y5UAtD0jcqk5VX
POLKADOT STINGRAY,233970,59,5,anime rock,j-pixie,j-pop,j-poprock,j-rock,japanese alternative rock,kyushu indie,NA,NA,NA,5zV9afUO4DVqJeRaZvfNev
Run The Jewels,859783,71,5,hip hop,political hip hop,NA,NA,NA,NA,NA,NA,NA,NA,4RnBFZRiMLRyZy0AzzTg2C
SOMA,2332,29,5,korean r&b,NA,NA,NA,NA,NA,NA,NA,NA,NA,2YZhod6BAbnBKh2nPdUejY
アトラスサウンドチーム,45166,68,4,japanese vgm,NA,NA,NA,NA,NA,NA,NA,NA,NA,4hFBhdNVZZuVk5FYThUwaN
田村芽実,3624,21,4,NA,NA,NA,NA,NA,NA,NA,NA,NA,NA,1kzM8g2NVR1BAA2xuyFvQz
Alter Bridge,809254,66,4,alternative metal,nu metal,post-grunge,rock,NA,NA,NA,NA,NA,NA,4DWX7u8BV0vZIQSpJQQDWU
BIBI,107031,62,4,k-pop,korean r&b,NA,NA,NA,NA,NA,NA,NA,NA,6UbmqUEgjLA6jAcXwbM1Z9
Chambao,281087,51,4,flamenco,rumba,spanish pop,NA,NA,NA,NA,NA,NA,NA,2qhLqZ1pkiUl5HNrU2Nz0R
Copywrite,11085,30,4,ohio hip hop,underground rap,NA,NA,NA,NA,NA,NA,NA,NA,05YQdfjpG35u5fmVn7Y0sc
El-P,129926,48,4,abstract hip hop,alternative hip hop,east coast hip hop,experimental hip hop,turntablism,NA,NA,NA,NA,NA,57UnSUpae3SbRekxNa5Kgl
Gesu No Kiwami Otome,287019,55,4,j-pop,j-rock,NA,NA,NA,NA,NA,NA,NA,NA,1ieluXFoq2RRxMXZIQksTz
Huckleberry P,5532,36,4,k-rap,NA,NA,NA,NA,NA,NA,NA,NA,NA,4meeMnr8eLacsB31ApsXZS
Lil Wayne,10037551,90,4,hip hop,new orleans rap,pop rap,rap,trap,NA,NA,NA,NA,NA,55Aa2cqylxrFIXC767Z865
MHz,1419,8,4,ohio hip hop,NA,NA,NA,NA,NA,NA,NA,NA,NA,6Us0gGqIRKYghX6OGEVGs2
Nelly Furtado,2361364,77,4,canadian latin,canadian pop,dance pop,pop,pop dance,pop rap,NA,NA,NA,NA,2jw70GZXlAI8QzWeY2bgRc
Poppy,783756,67,4,dance pop,electropop,escape room,modern rock,pop,NA,NA,NA,NA,NA,5mlbvTfWUOfDrUIK6dkNzv
Raina,2985,33,4,NA,NA,NA,NA,NA,NA,NA,NA,NA,NA,2lkUAt5tu0ucVOMFT9hYtg
Rainbow note,4922,29,4,korean city pop,NA,NA,NA,NA,NA,NA,NA,NA,NA,5qgNxAqFqHpGVqZQHvrm17
Rammstein,5453134,80,4,alternative metal,german metal,industrial,industrial metal,industrial rock,neue deutsche harte,nu metal,NA,NA,NA,6wWVKhxIU2cEi0K81v7HvP
RZA,345440,60,4,alternative hip hop,east coast hip hop,hardcore hip hop,hip hop,NA,NA,NA,NA,NA,NA,4iCwCMnqsNZ6atvRiADgtn
Talking Heads,1483177,72,4,art punk,art rock,dance rock,funk rock,new wave,permanent wave,post-punk,rock,zolo,NA,2x9SpqnPi8rlE9pjHBwmSC
YAKUSHIMARU Etsuko,66885,43,4,denpa-kei,NA,NA,NA,NA,NA,NA,NA,NA,NA,6h32A03szyWpPmQCZSJ4Mi
YooA,32124,50,4,k-pop,NA,NA,NA,NA,NA,NA,NA,NA,NA,4ur1jCwyNlhgd0viJkOtcQ
Yung Bae,131133,64,4,future funk,NA,NA,NA,NA,NA,NA,NA,NA,NA,30FDJPN3RtwJZ20g5YGCRX
Akon,2596702,83,3,dance pop,NA,NA,NA,NA,NA,NA,NA,NA,NA,0z4gvV4rjIZ9wHck67ucSV
AOA,577486,56,3,k-pop,k-pop girl group,NA,NA,NA,NA,NA,NA,NA,NA,54gWVQFHf8IIqbjxAoOarN
Asako Toki,55125,49,3,japanese jazz fusion,japanese r&b,shibuya-kei,NA,NA,NA,NA,NA,NA,NA,4VIGlACQnSacU0b1HTLA7y
Beyoncé,25932520,88,3,dance pop,pop,pop dance,post-teen pop,r&b,NA,NA,NA,NA,NA,6vWDO969PvNqNYHIOW5v0m
Busdriver,74254,47,3,abstract hip hop,alternative hip hop,NA,NA,NA,NA,NA,NA,NA,NA,43SXnO2N4X024u3l9MfvXD
Carpenter Brut,276351,62,3,cyberpunk,darksynth,synthwave,NA,NA,NA,NA,NA,NA,NA,1l2oLiukA9i5jEtIyNWIEP
Far East Movement,1004335,70,3,asian american hip hop,dance pop,edm,pop,pop dance,pop rap,NA,NA,NA,NA,698hF4vcwHwPy8ltmXermq
H ZETTRIO,41095,46,3,japanese jazz,japanese jazz fusion,NA,NA,NA,NA,NA,NA,NA,NA,5Ga4ie7tlXW9Fc6ObLbSCY
Hash Swan,54088,49,3,k-rap,NA,NA,NA,NA,NA,NA,NA,NA,NA,3yVEZNS0ateVfoj8FuazKg
HEIZE,613963,67,3,k-pop,korean pop,korean r&b,NA,NA,NA,NA,NA,NA,NA,5dCvSnVduaFleCnyy98JMo
Junko Ohashi,41865,52,3,classic city pop,kayokyoku,NA,NA,NA,NA,NA,NA,NA,NA,7rGbODPTIVjzn3CTR6RCzE
Keiichi Okabe,9789,56,3,anime score,japanese vgm,NA,NA,NA,NA,NA,NA,NA,NA,0fj8MsM0gSugGUVd9RGV06
Kid Cudi,4535641,89,3,hip hop,ohio hip hop,rap,NA,NA,NA,NA,NA,NA,NA,0fA0VVWsXO9YnASrzqfmYu
King Gnu,1550265,72,3,j-pop,NA,NA,NA,NA,NA,NA,NA,NA,NA,6wxfx1yhyqjCPYwwxJktR2
Kohmi Hirose,107760,50,3,classic j-pop,j-pop,japanese singer-songwriter,NA,NA,NA,NA,NA,NA,NA,0jMZY406RfgjK6PFKIRfAv
Krizz Kaliko,269634,65,3,country rap,kansas city hip hop,southern hip hop,NA,NA,NA,NA,NA,NA,NA,3SEJQy90Vgg1aSnZ9b4AU9
KXNG Crooked,66949,61,3,cali rap,NA,NA,NA,NA,NA,NA,NA,NA,NA,6fFfnKGVI6X3lkCr8Qw1g1
LADIES' CODE,90875,42,3,k-pop,k-pop girl group,NA,NA,NA,NA,NA,NA,NA,NA,4epPY1AW9lQeVUM1XaFiwi
LOONA,1052282,71,3,k-pop,k-pop girl group,NA,NA,NA,NA,NA,NA,NA,NA,52zMTJCKluDlFwMQWmccY7
Missy Elliott,1547686,76,3,dance pop,hip hop,hip pop,pop,pop rap,r&b,urban contemporary,virginia hip hop,NA,NA,2wIVse2owClT7go1WT98tk
nica,614,3,3,NA,NA,NA,NA,NA,NA,NA,NA,NA,NA,58R91elnUAarOAhU4lY7VH
Otoboke Beaver,43224,40,3,j-punk,japanese girl punk,japanese pop punk,japanese punk rock,NA,NA,NA,NA,NA,NA,0HutkALC7kq2L8b9bnZUkq
RM,4522368,70,3,k-rap,NA,NA,NA,NA,NA,NA,NA,NA,NA,2auC28zjQyVTsiZKNgPRGs
SEAPOOL,1835,13,3,japanese indie rock,kansai indie,NA,NA,NA,NA,NA,NA,NA,NA,0iuh3bi0fF2wlYvZG01vZn
Shizuka Kudo,65234,48,3,classic j-pop,j-pop,NA,NA,NA,NA,NA,NA,NA,NA,7sU5H7XSVz0GC1RyM7jY2W
Tage,131,14,3,NA,NA,NA,NA,NA,NA,NA,NA,NA,NA,00YrqcA1jmgdArw3G7MY8x
Timbaland,1848808,79,3,dance pop,hip hop,hip pop,pop,pop dance,pop rap,urban contemporary,NA,NA,NA,5Y5TRrQiqgUO4S36tzjIRZ
Tokyo Girls' Style,18537,27,3,alt-idol,idol rock,j-idol,j-pop girl group,NA,NA,NA,NA,NA,NA,2mUoXdIOsE0kFnXdNzS3wx
Yuri Tanaka,6775,40,3,classic city pop,NA,NA,NA,NA,NA,NA,NA,NA,NA,2SdovVmFnr5G1SlQzG5Hp0
ZICO,867194,70,3,k-pop,korean pop,korean r&b,NA,NA,NA,NA,NA,NA,NA,4XpUIb8uuNlIWVKmgKZXC0
강수지,546,22,2,classic korean pop,NA,NA,NA,NA,NA,NA,NA,NA,NA,6yvfQfQ8CS9aXvGlyHEdoi
2 Chainz,6081018,83,2,atl hip hop,gangster rap,hip hop,pop rap,rap,southern hip hop,trap,NA,NA,NA,17lzZA2AlOHwCwFALHttmp
2NE1,1724053,62,2,dance pop,k-pop,k-pop girl group,pop dance,NA,NA,NA,NA,NA,NA,1l0mKo96Jh9HVYONcRl3Yp
A crow is white,22280,34,2,denpa-kei,japanese indie pop,NA,NA,NA,NA,NA,NA,NA,NA,6Ihais1Q3Uht375CjQqeSR
ACO,19592,33,2,shibuya-kei,NA,NA,NA,NA,NA,NA,NA,NA,NA,1G29J8b3UnUFUilGCbUlXf
Ai Haruna,120,6,2,NA,NA,NA,NA,NA,NA,NA,NA,NA,NA,72xYcNsQtz46g9FdguuYUD
Aseul,13358,31,2,k-indie,korean dream pop,korean electropop,NA,NA,NA,NA,NA,NA,NA,7K1yj70w0ldP7bMDqiiHMo
Astro Chillberto,2,4,2,NA,NA,NA,NA,NA,NA,NA,NA,NA,NA,6bBZs4k8Hp7QKyFwzePMBJ
B-Free,14200,34,2,k-rap,NA,NA,NA,NA,NA,NA,NA,NA,NA,5xHC23kCM6goKp7bDDXE3T
Bad Meets Evil,1126572,64,2,detroit hip hop,gangster rap,hip hop,pop rap,rap,NA,NA,NA,NA,NA,77IURH5NC56Jn09QHi76is
Big Sean,8088487,86,2,detroit hip hop,hip hop,pop rap,rap,southern hip hop,trap,NA,NA,NA,NA,0c173mlxpT3dSFRgMO8XPh
Black Eyed Peas,5283981,86,2,dance pop,pop,pop dance,pop rap,NA,NA,NA,NA,NA,NA,1yxSLGMDHlW21z4YXirZDS
Bon Iver,2886660,81,2,eau claire indie,indie folk,melancholia,NA,NA,NA,NA,NA,NA,NA,4LEiUm1SRbFMgfqnQTwUbQ
Bronze,2364,38,2,k-indie,NA,NA,NA,NA,NA,NA,NA,NA,NA,4YJiSEvipvRRttmmpvT3U7
Chitose Hajime,38197,35,2,okinawan folk,okinawan pop,ryukyu ongaku,NA,NA,NA,NA,NA,NA,NA,0ii3SuIwfRs4pRH2sQ1J0U
Chris Brown,13025463,90,2,dance pop,pop,pop rap,r&b,rap,NA,NA,NA,NA,NA,7bXgB6jMjp9ATFy66eO08Z
Ciara,4781852,75,2,dance pop,hip pop,pop,post-teen pop,r&b,urban contemporary,NA,NA,NA,NA,2NdeV5rLm47xAvogXrYhJX
clipping.,165857,56,2,alternative hip hop,escape room,experimental hip hop,industrial hip hop,NA,NA,NA,NA,NA,NA,5HJ2kX5UTwN4Ns8fB5Rn1I
Conway the Machine,104776,63,2,alternative hip hop,boom bap,buffalo hip hop,hip hop,underground hip hop,NA,NA,NA,NA,NA,67gqUXxHedeUGDTxwBzdjS
D-Styles,5115,39,2,scratch,turntablism,NA,NA,NA,NA,NA,NA,NA,NA,0Xqx5Wr906GcxJnRNOCPSr
Damian Marley,1160764,70,2,modern reggae,reggae,reggae fusion,NA,NA,NA,NA,NA,NA,NA,3QJzdZJYIAcoET1GcfpNGi
DREAMS COME TRUE,981934,60,2,classic j-pop,j-pop,NA,NA,NA,NA,NA,NA,NA,NA,2mJOGcLR3aCHkM1uAF93or
EXID,1212518,59,2,k-pop,k-pop girl group,NA,NA,NA,NA,NA,NA,NA,NA,1xs6WFotNQSXweo0GXrS0O
Eyedi,47402,38,2,k-indie,korean r&b,NA,NA,NA,NA,NA,NA,NA,NA,48BSHaU3lXnM3pYHyeqLXN
Frasco,5477,28,2,japanese electropop,NA,NA,NA,NA,NA,NA,NA,NA,NA,2zDndG5Mv76XtMDZ4M6HGh
Fujifabric,218100,51,2,j-pop,j-poprock,j-rock,japanese alternative rock,NA,NA,NA,NA,NA,NA,2QgdUzpKFNxey5IuwvsGBL
G2,17360,46,2,k-rap,NA,NA,NA,NA,NA,NA,NA,NA,NA,4ueZwsEtcqcO0IZywqgk66
Gotye,2232270,71,2,australian pop,NA,NA,NA,NA,NA,NA,NA,NA,NA,2AsusXITU8P25dlRNhcAbG
HELLOVENUS,170365,41,2,k-pop,k-pop girl group,NA,NA,NA,NA,NA,NA,NA,NA,3TW9U1f93tpGBsEtCSf7JG
HINTO,873,8,2,NA,NA,NA,NA,NA,NA,NA,NA,NA,NA,0k7oisa6USxcsJk3dfA9Co
IA,54450,48,2,anime rock,vocaloid,NA,NA,NA,NA,NA,NA,NA,NA,1oz1HYOyJhjshPi5Nvs3MX
iKON,2858199,68,2,k-pop,k-pop boy group,NA,NA,NA,NA,NA,NA,NA,NA,5qRSs6mvI17zrkJpOHkCoM
Inspectah Deck,132563,56,2,alternative hip hop,east coast hip hop,hardcore hip hop,hip hop,NA,NA,NA,NA,NA,NA,4OBbOrkD4geIjOLrICN3wO
Jedi Mind Tricks,294147,57,2,conscious hip hop,hardcore hip hop,philly rap,political hip hop,underground rap,NA,NA,NA,NA,NA,0PI3pXpUMScjweiw3IbADc
Kenjiro Sakiya,2492,25,2,classic city pop,NA,NA,NA,NA,NA,NA,NA,NA,NA,14tdomXFf9cDR8ms2xVN03
Kyary Pamyu Pamyu,345244,55,2,j-idol,japanese electropop,NA,NA,NA,NA,NA,NA,NA,NA,7Gh6fW49xfXLP8DTWaLVJP
Larry Heard,35623,40,2,acid house,chicago house,classic house,deep house,deep soul house,electro,float house,microhouse,outsider house,techno,3j7teie3p6UnbA8nW51Trz
Lexie Liu,58311,68,2,chinese electropop,NA,NA,NA,NA,NA,NA,NA,NA,NA,6fs2or0cKLEM2xohWq8SoX
miss A,596912,54,2,k-pop,k-pop girl group,NA,NA,NA,NA,NA,NA,NA,NA,1BEohdSWSBggmO979tzRwW
Mizuki Ohira,19879,37,2,japanese r&b,NA,NA,NA,NA,NA,NA,NA,NA,NA,5rNUVqgzCi4FX47RY8n9cx
MOMOLAND,2175071,62,2,k-pop,k-pop girl group,NA,NA,NA,NA,NA,NA,NA,NA,5RR0MLwcjc87wjSw2JYdwx
Mos Def,994122,68,2,alternative hip hop,conscious hip hop,east coast hip hop,gangster rap,hardcore hip hop,hip hop,rap,southern hip hop,NA,NA,0Mz5XE0kb1GBnbLQm2VbcO
New Optimism,1288,11,2,experimental club,NA,NA,NA,NA,NA,NA,NA,NA,NA,0rqpu1vmEbsn560Ddv1KRT
ODB,647100,65,2,alternative hip hop,east coast hip hop,gangster rap,hardcore hip hop,hip hop,rap,NA,NA,NA,NA,50NoVNy9GU1lCrDV8iGpyu
PSY,1143142,63,2,k-pop,k-rap,NA,NA,NA,NA,NA,NA,NA,NA,2dd5mrQZvg6SmahdgVKDzh
Pusha T,1890150,74,2,alternative hip hop,gangster rap,hip hop,pop rap,rap,southern hip hop,trap,underground hip hop,virginia hip hop,NA,0ONHkAv9pCAFxb0zJwDNTy
Rick Ross,4545618,82,2,dirty south rap,gangster rap,hip hop,pop rap,rap,southern hip hop,trap,NA,NA,NA,1sBkRIssrMs1AbVkOJbc7a
Rosy,4914,26,2,NA,NA,NA,NA,NA,NA,NA,NA,NA,NA,2wMzCCeiXSV9NFSzGzwVyv
Santana,1875566,73,2,blues rock,classic rock,mexican classic rock,rock,NA,NA,NA,NA,NA,NA,6GI52t8N5F02MxU0g5U69P
ScHoolboy Q,3501872,78,2,gangster rap,hip hop,pop rap,rap,southern hip hop,trap,underground hip hop,NA,NA,NA,5IcR3N7QB1j6KBL8eImZ8m
SE SO NEON,50651,47,2,k-indie,korean city pop,korean indie rock,NA,NA,NA,NA,NA,NA,NA,07OePkse2fcvU9wlVftNMl
Shakira,20759022,87,2,colombian pop,dance pop,latin,latin pop,pop,NA,NA,NA,NA,NA,0EmeFodog0BfCgMzAIvKQp
So!YoON!,14595,49,2,k-indie,korean indie rock,NA,NA,NA,NA,NA,NA,NA,NA,7H5EC2qaylGun66YeRrVHg
SOPHIE,219703,56,2,art pop,dance pop,deconstructed club,electropop,escape room,hyperpop,pop,transpop,NA,NA,5a2w2tgpLwv26BYJf2qYwu
STUTS,54620,49,2,j-rap,NA,NA,NA,NA,NA,NA,NA,NA,NA,0qC4CNzOUtgdmdVzRqCa1d
SUMIN,21447,51,2,k-indie,korean city pop,korean electropop,korean r&b,NA,NA,NA,NA,NA,NA,0K4MGKGmjtdIE0W3GkGmyU
Summer Soul,18542,40,2,k-indie,korean electropop,korean r&b,NA,NA,NA,NA,NA,NA,NA,6ZDL9IVLcZPApjoBdajrao
T-Pain,3068011,81,2,dance pop,hip hop,pop,pop rap,r&b,rap,southern hip hop,trap,urban contemporary,NA,3aQeKQSyrW4qWr35idm0cy
Tame Impala,4600340,83,2,australian psych,neo-psychedelic,NA,NA,NA,NA,NA,NA,NA,NA,5INjqkS1o8h1imAzPqGZBb
TCY FORCE,1846,32,2,japanese electropop,NA,NA,NA,NA,NA,NA,NA,NA,NA,1ze8z08s9wniPnN6WI2sHe
Tech N9ne Collabos,318589,57,2,country rap,kansas city hip hop,NA,NA,NA,NA,NA,NA,NA,NA,4UOlRVifrFdQHW9qu5ep8t
The Geek x Vrv,36491,48,2,chillhop,new french touch,NA,NA,NA,NA,NA,NA,NA,NA,4JhjlqgMbd4RlrT81VoTIF
The Quiett,55585,53,2,k-rap,korean r&b,korean trap,NA,NA,NA,NA,NA,NA,NA,2qI1pO64eYqGUiv1XTw4cy
The Weeknd,28163888,96,2,canadian contemporary r&b,canadian pop,pop,NA,NA,NA,NA,NA,NA,NA,1Xyo4u8uXC1ZmMpatF05PJ
Travis Barker,274915,77,2,rap rock,NA,NA,NA,NA,NA,NA,NA,NA,NA,4exLIFE8sISLr28sqG1qNX
Travis Scott,14898828,94,2,rap,slap house,NA,NA,NA,NA,NA,NA,NA,NA,0Y5tJX1MQlPlqiwlOH1tJY
Ty Dolla $ign,3649740,89,2,pop rap,r&b,trap,trap soul,NA,NA,NA,NA,NA,NA,7c0XG5cIJTrrAgEC3ULPiq
uju,2350,22,2,korean city pop,korean electropop,NA,NA,NA,NA,NA,NA,NA,NA,6g2HsIivvQ7UGirVhksd92
Vince Staples,1259579,72,2,conscious hip hop,escape room,hip hop,rap,underground hip hop,NA,NA,NA,NA,NA,68kEuyFKyqrdQQLLsmiatm
Xin Seha,1728,15,2,k-indie,NA,NA,NA,NA,NA,NA,NA,NA,NA,4kuTWggHz7FWxKVh3hdqA5
Yerin Baek,202510,64,2,k-indie,k-pop,korean pop,NA,NA,NA,NA,NA,NA,NA,6dhfy4ByARPJdPtMyrUYJK
Zion.T,403878,61,2,k-indie,k-pop,k-rap,korean pop,korean r&b,NA,NA,NA,NA,NA,5HenzRvMtSrgtvU16XAoby
ខេង ឌីយ៉េ​,4,0,1,NA,NA,NA,NA,NA,NA,NA,NA,NA,NA,5h2lq2sfNkZXYQa52uFf3C
រស់ សេរីសុទ្ធា,376,2,1,NA,NA,NA,NA,NA,NA,NA,NA,NA,NA,2imuveF0NJ0LxagaolBV4j
ぬいぐるみクレヨン Lush Crayon,1921,34,1,future funk,hardvapour,vaporwave,NA,NA,NA,NA,NA,NA,NA,62v3nR2gE0z1AFSFHxKepe
ネクライトーキー,53856,46,1,japanese alternative rock,NA,NA,NA,NA,NA,NA,NA,NA,NA,45ew0KWgCA7evVgCydrZws
山田将司,11,18,1,NA,NA,NA,NA,NA,NA,NA,NA,NA,NA,2UFVsu869tRKjklqkM9Uto
民謡クルセイダーズ,34,6,1,NA,NA,NA,NA,NA,NA,NA,NA,NA,NA,3uiPsc4PufUpYHoxnOlMyE
秋元薫,11739,49,1,classic city pop,NA,NA,NA,NA,NA,NA,NA,NA,NA,4LUn6its1opwPzxJC1RM72
笠井 紀美子,1946,30,1,classic japanese jazz,japanese vocal jazz,NA,NA,NA,NA,NA,NA,NA,NA,4UgoOhsP6AlN1SIkFRBCit
박혜진 Park Hye Jin,50688,53,1,korean dream pop,NA,NA,NA,NA,NA,NA,NA,NA,NA,6niigcazB2JPcpasZfZvq1
현성민,442,10,1,korean city pop,NA,NA,NA,NA,NA,NA,NA,NA,NA,47kUNrAocpuIOvyRHpfwxB
015B,14287,45,1,k-indie,korean electropop,korean pop,NA,NA,NA,NA,NA,NA,NA,4uU7KfTjcjyKUGWSaTzLu7
03 Greedo,245798,69,1,cali rap,melodic rap,trap,underground hip hop,vapor trap,NA,NA,NA,NA,NA,0FtsMKmZEq8fBWqdSOWtqp
1 Young Micah,1626,28,1,NA,NA,NA,NA,NA,NA,NA,NA,NA,NA,2fixd2SK0VpJfHW0SUWFY9
187,228,1,1,NA,NA,NA,NA,NA,NA,NA,NA,NA,NA,6pPXsk0pYVptgNUe3AYbyC
3 Mill Rod,303,28,1,NA,NA,NA,NA,NA,NA,NA,NA,NA,NA,37BsV1JuDDXMnxpzO0aSMq
4Minute,861059,55,1,k-pop,k-pop girl group,NA,NA,NA,NA,NA,NA,NA,NA,6cdC1cwqh3eJAXaxXJt2jv
88rising,625685,72,1,asian american hip hop,pop,NA,NA,NA,NA,NA,NA,NA,NA,1AhjOkOLkbHUfcHDSErXQs
AAAMYYY,30971,51,1,japanese alternative rock,japanese electropop,japanese r&b,NA,NA,NA,NA,NA,NA,NA,5YCsKCBbhMHBKBh2MllF5d
Ab-Soul,763019,64,1,alternative hip hop,conscious hip hop,hip hop,rap,southern hip hop,underground hip hop,NA,NA,NA,NA,0g9vAlRPK9Gt3FKCekk4TW
Ace,74,32,1,eurobeat,NA,NA,NA,NA,NA,NA,NA,NA,NA,3ex1w9F7Bx8X69biVeMVLJ
Agents Of Time,32361,41,1,italian techno,NA,NA,NA,NA,NA,NA,NA,NA,NA,6Jbyd4qzEtbFtswZP1o6Ht
Aimee B,156,34,1,NA,NA,NA,NA,NA,NA,NA,NA,NA,NA,1uLk7jpNDdq7qhs5MSqjAS
AiNA THE END,20158,43,1,NA,NA,NA,NA,NA,NA,NA,NA,NA,NA,5k7KS34gxQbzdQaXWSOVKC
Alberto,12872,58,1,polish hip hop,NA,NA,NA,NA,NA,NA,NA,NA,NA,79b4a4Bg30Y0RlO5de5jni
Alfred Beach Sandal,9425,29,1,japanese soul,NA,NA,NA,NA,NA,NA,NA,NA,NA,1H2KvPR75UUpoQpRcnvn1I
Alton Ellis,78472,54,1,dub,lovers rock,reggae,rock steady,roots reggae,ska,NA,NA,NA,NA,5pryfFgCrWJ41UHaENJPyi
André 3000,178645,63,1,atl hip hop,dirty south rap,southern hip hop,NA,NA,NA,NA,NA,NA,NA,74V3dE1a51skRkdII8y2C6
Anthony Jackson,3775,39,1,electric bass,NA,NA,NA,NA,NA,NA,NA,NA,NA,4jSvNq6yedPhkC4p3zlznC
Anuel AA,16126973,93,1,latin,reggaeton,reggaeton flow,trap boricua,trap latino,NA,NA,NA,NA,NA,2R21vXR83lH98kGeO99Y66
Apathy,66499,53,1,alternative hip hop,hardcore hip hop,underground rap,NA,NA,NA,NA,NA,NA,NA,6fK2hnSgfRPxR6sL975XQS
Apink,838819,61,1,k-pop,k-pop girl group,korean pop,NA,NA,NA,NA,NA,NA,NA,2uWcrwgWmZcQc3IPBs3tfU
Apollo Brown,102561,54,1,alternative hip hop,boom bap,hip hop,underground hip hop,NA,NA,NA,NA,NA,NA,151BUVKmiB9rHDjIkgbeVE
ASH ISLAND,39398,54,1,k-rap,NA,NA,NA,NA,NA,NA,NA,NA,NA,7IEhlwWQA7pCkEvzwwHehE
Ashley Sorrell,1058,41,1,NA,NA,NA,NA,NA,NA,NA,NA,NA,NA,6ulmSYBgzPCuFauJ0x7ulP
Asuka Saito,737,27,1,NA,NA,NA,NA,NA,NA,NA,NA,NA,NA,0dmbPPUSyliresuzqpQn6g
Audio Push,37963,44,1,deep underground hip hop,pop rap,underground hip hop,NA,NA,NA,NA,NA,NA,NA,3oHjuEyaFp7MddhOXddXbx
AUGUST 08,24701,61,1,la pop,r&b,NA,NA,NA,NA,NA,NA,NA,NA,2iB8eFB6flwQculkUrRssi
Augustus Pablo,63693,50,1,dub,reggae,rock steady,roots reggae,ska,NA,NA,NA,NA,NA,5WwEQwX3ruZofwDDqtOXwI
Ayano Kaneko,62998,50,1,j-indie,j-poprock,j-rock,japanese alternative rock,japanese indie pop,japanese indie rock,NA,NA,NA,NA,4XKIIegkRbSJft0PmMv9NB
Ayumi Hamasaki,522509,60,1,classic j-pop,eurobeat,j-pop,NA,NA,NA,NA,NA,NA,NA,3Mvc8kRgr8LRYYgvFmlZqn
B-Real,63350,59,1,chicano rap,west coast rap,NA,NA,NA,NA,NA,NA,NA,NA,2LiWxiQzuD9nmWQ6NCA8Gd
BABYMETAL,797075,68,1,comic metal,idol rock,j-metal,kawaii metal,NA,NA,NA,NA,NA,NA,630wzNP2OL7fl4Xl0GnMWq
Bananarama,478011,60,1,dance pop,dance rock,disco,europop,girl group,hi-nrg,new romantic,new wave,new wave pop,soft rock,3sc7iUG1Wwpwx7bHeZolgx
Bantu,18080,54,1,zimdancehall,NA,NA,NA,NA,NA,NA,NA,NA,NA,6tt0iYnpHERj05WATWRiom
Barney Bones,650,41,1,NA,NA,NA,NA,NA,NA,NA,NA,NA,NA,7rzyYETlkvNEdxdtSUXXTV
Barrington Levy,170500,59,1,dub,lovers rock,modern reggae,reggae,reggae fusion,roots reggae,NA,NA,NA,NA,5mMuiFhh7faS7qxnTLRA6u
Bassagong,1949,37,1,k-rap,korean indie rock,NA,NA,NA,NA,NA,NA,NA,NA,7j1lNIjZY1E1drWIgJloMs
Beckett,2978,30,1,NA,NA,NA,NA,NA,NA,NA,NA,NA,NA,3ExQw9JJ83HH1JD1RguiV2
Beenzino,94776,51,1,k-indie,k-rap,korean pop,korean r&b,NA,NA,NA,NA,NA,NA,7IrDIIq3j04exsiF3Z7CPg
BehindtheMoon,1211,21,1,korean city pop,NA,NA,NA,NA,NA,NA,NA,NA,NA,4BHjuxRl1cKElPbo12BODO
Biesmans,1922,29,1,NA,NA,NA,NA,NA,NA,NA,NA,NA,NA,1RR1AtX6SAujecwlLacHRz
Big-O,34,15,1,NA,NA,NA,NA,NA,NA,NA,NA,NA,NA,3mcLH1WbfyUCNIVSVwGkrX
Big Gigantic,216497,62,1,edm,electronic trap,electropop,vapor twitch,NA,NA,NA,NA,NA,NA,7o7mC95EDbJKTcPAAs8C3r
Big Scoob,71165,48,1,country rap,kansas city hip hop,NA,NA,NA,NA,NA,NA,NA,NA,1PnsxAfjwnxNODAaKTu8VO
bird,30741,36,1,japanese jazztronica,NA,NA,NA,NA,NA,NA,NA,NA,NA,4UYTq2L0l4zfsUKe8BqeNs
Bizarre,245,27,1,NA,NA,NA,NA,NA,NA,NA,NA,NA,NA,7CsMBY0plDn7za12JXMlMg
Black Caviar,33579,63,1,electro house,NA,NA,NA,NA,NA,NA,NA,NA,NA,1wqW0IQWC7V7jktcjVHID6
Black Knights,2738,22,1,wu fam,NA,NA,NA,NA,NA,NA,NA,NA,NA,0AF5FJR5VgrhPw6qcLkEBA
Black Thought,129112,62,1,alternative hip hop,boom bap,east coast hip hop,hardcore hip hop,hip hop,southern hip hop,NA,NA,NA,NA,6DJEUXZm0e2rAohdoZ5Voo
Blackway,14211,61,1,nyc rap,NA,NA,NA,NA,NA,NA,NA,NA,NA,1QvK8bFc2WREH4LDlJcJbi
BlocBoy JB,1229126,68,1,pop rap,rap,southern hip hop,tennessee hip hop,trap,vapor trap,NA,NA,NA,NA,4TEJudQY2pXxVHPE3gD2EU
Blu-Swing,8997,39,1,ambeat,japanese jazz fusion,japanese jazztronica,japanese vocal jazz,NA,NA,NA,NA,NA,NA,3dKCIyXK94LWUnyvD8LepD
BluePrint,687,28,1,NA,NA,NA,NA,NA,NA,NA,NA,NA,NA,0oV5K4BDmoENgjwB8lvDmT
bo en,86803,57,1,experimental pop,glitchcore,hyperpop,NA,NA,NA,NA,NA,NA,NA,1EotkJocwHvhFOAsoOj1jJ
BOBBY,543383,63,1,k-pop,NA,NA,NA,NA,NA,NA,NA,NA,NA,7ieMQQDR0bdBPz572mtxwS
BREIMEN,5628,30,1,japanese soul,NA,NA,NA,NA,NA,NA,NA,NA,NA,3SasVdv6zvCEY29rst8PBU
Brown Eyed Girls,176273,48,1,k-pop,k-pop girl group,korean pop,NA,NA,NA,NA,NA,NA,NA,2GEPtT5RDxrmdi0A4mbDi7
Busta Rhymes,1698917,76,1,east coast hip hop,hardcore hip hop,hip hop,pop rap,rap,NA,NA,NA,NA,NA,1YfEcTuGvBQ8xSD1f53UnK
Camila Cabello,19762943,86,1,dance pop,electropop,pop,pop dance,post-teen pop,NA,NA,NA,NA,NA,4nDoRrQiYLoBzwC5BhVJzF
Camu Tao,6006,19,1,abstract hip hop,ohio hip hop,NA,NA,NA,NA,NA,NA,NA,NA,202U8PxsU6OaYwOfJCR5ZD
Car,63,25,1,NA,NA,NA,NA,NA,NA,NA,NA,NA,NA,4IwZDPPzFIVVN2DSVudIZO
Casker,11101,30,1,k-indie,korean electropop,NA,NA,NA,NA,NA,NA,NA,NA,0nHPlnFkwhTmnfda7ho0E5
Catz 'n Dogz,32789,47,1,deep disco house,german techno,house,minimal tech house,minimal techno,tech house,NA,NA,NA,NA,5tYqFEuFELxnJZgGmmsfSh
CES Cru,109859,48,1,kansas city hip hop,NA,NA,NA,NA,NA,NA,NA,NA,NA,7jNpkZ55HFuYxJo6q1qawG
CHANGMO,104981,63,1,k-rap,korean pop,korean r&b,NA,NA,NA,NA,NA,NA,NA,3hvinNZRzTLoREmqFiKr1b
CHANMINA,273113,61,1,j-pop,j-rap,NA,NA,NA,NA,NA,NA,NA,NA,2vjeuQwzSP5ErC1S41gONX
Charisma.com,20368,33,1,japanese electropop,NA,NA,NA,NA,NA,NA,NA,NA,NA,5plo5UwgrFliohBttLzqRr
chelmico,101211,53,1,j-rap,japanese alternative rock,NA,NA,NA,NA,NA,NA,NA,NA,6sAONleCsmAyP87OHsVAPV
Childish Gambino,7385684,81,1,atl hip hop,hip hop,pop rap,rap,NA,NA,NA,NA,NA,NA,73sIBHcqh3Z3NyqHKZ7FOL
Chip$,12,18,1,NA,NA,NA,NA,NA,NA,NA,NA,NA,NA,3zP3PBJ5SVfBuYWnzheUHu
Chris Martin,26440,48,1,NA,NA,NA,NA,NA,NA,NA,NA,NA,NA,0LQoZQIV0mIs0y0XQb0Sw2
CHUNG HA,1270874,70,1,k-pop,NA,NA,NA,NA,NA,NA,NA,NA,NA,2PSJ6YriU7JsFucxACpU7Y
CIFIKA,13604,37,1,k-indie,korean electropop,NA,NA,NA,NA,NA,NA,NA,NA,0OK6Xs5X1kHs07y68n65CQ
City Your City,8105,26,1,city pop,NA,NA,NA,NA,NA,NA,NA,NA,NA,3mZeppCdJVIyGd0yUZsliA
Clio,2891,32,1,italian disco,NA,NA,NA,NA,NA,NA,NA,NA,NA,6YUx1iZjYtiwbDjQLULIHf
Cö Shu Nie,158034,62,1,anime,anime score,j-pixie,j-poprock,otacore,NA,NA,NA,NA,NA,0LlH6J1tj2TPq7AlwXAkY5
CoCo,5462,29,1,NA,NA,NA,NA,NA,NA,NA,NA,NA,NA,6vYKg6TrNVzyWYEcy9vCo0
Colby O'Donis,104366,69,1,pop rap,urban contemporary,NA,NA,NA,NA,NA,NA,NA,NA,7fObcBw9VM3x7ntWKCYl0z
ConsciousThoughts,4236,37,1,future funk,NA,NA,NA,NA,NA,NA,NA,NA,NA,7nNml7OiJoyXojuihNAmDu
Coogie,65580,55,1,k-rap,NA,NA,NA,NA,NA,NA,NA,NA,NA,0IznZPMUyaPGdqfP4oqBja
Cordae,1338930,73,1,dmv rap,hip hop,pop rap,rap,trap,underground hip hop,vapor trap,NA,NA,NA,0huGjMyP507tBCARyzSkrv
Cosmic Boy,14411,46,1,k-indie,k-rap,korean r&b,NA,NA,NA,NA,NA,NA,NA,305pg6Bs6Mz9Tm2zK66psY
Crayon Pop,115698,39,1,k-pop,k-pop girl group,NA,NA,NA,NA,NA,NA,NA,NA,0ODX6aegsZkBmBeMA5qqwi
Creepy Nuts,187884,61,1,j-pop,j-rock,NA,NA,NA,NA,NA,NA,NA,NA,0pWR7TsFhvSCnbmHDjWgrE
CTC,238,21,1,NA,NA,NA,NA,NA,NA,NA,NA,NA,NA,1vPHqjdwnm6ZSnILroMcjg
CY8ER,23040,42,1,alt-idol,denpa-kei,idol rock,NA,NA,NA,NA,NA,NA,NA,0Pn9eKty96tdakwQBYPWu7
CyHi The Prynce,155549,55,1,atl hip hop,southern hip hop,trap,NA,NA,NA,NA,NA,NA,NA,18HVMQsV3tINaTyzT5UIjH
Danny Brown,1115,32,1,NA,NA,NA,NA,NA,NA,NA,NA,NA,NA,6pJkhyn8MedLRRl9qZVkWL
DAWN,3950,41,1,korean r&b,NA,NA,NA,NA,NA,NA,NA,NA,NA,3aB96WIPKUzvJmoctWCrjb
DEAN,958413,67,1,k-pop,korean r&b,NA,NA,NA,NA,NA,NA,NA,NA,3eCd0TZrBPm2n9cDG6yWfF
Denaun,197,54,1,NA,NA,NA,NA,NA,NA,NA,NA,NA,NA,1WjexdTcXHgvlVIPCE8D1Q
Denzel Curry,1495460,76,1,dark trap,drill,hip hop,miami hip hop,rap,trap,underground hip hop,NA,NA,NA,6fxyWrfmjcbj5d12gXeiNV
Despot,6191,35,1,NA,NA,NA,NA,NA,NA,NA,NA,NA,NA,53biWpwSE0neKmFFdmpGd1
DEV,237725,65,1,dance pop,electropop,pop dance,post-teen pop,NA,NA,NA,NA,NA,NA,7Ip2u3e5Nv6fFb5xyIHxEE
Dexter Wiggles,138,20,1,NA,NA,NA,NA,NA,NA,NA,NA,NA,NA,0e2dqBGhzJNJQeAjBeZEJp
DIA,126871,44,1,k-pop,k-pop girl group,NA,NA,NA,NA,NA,NA,NA,NA,5Pcx98OUnL52aGZRRQx5v8
Dio,1563284,65,1,album rock,classic rock,glam metal,hard rock,metal,power metal,rock,NA,NA,NA,4CYeVo5iZbtYGBN4Isc3n6
DJ Crokey,2,0,1,NA,NA,NA,NA,NA,NA,NA,NA,NA,NA,21pkHUisQKjMbMLWMemkPM
DJ Djanga,16,9,1,NA,NA,NA,NA,NA,NA,NA,NA,NA,NA,2P2h9aJBely4CLnOpzSE6r
DJ Khalil,4287,53,1,NA,NA,NA,NA,NA,NA,NA,NA,NA,NA,7zfaArteqSs8YgCCmPrDK4
DJLW,44,21,1,NA,NA,NA,NA,NA,NA,NA,NA,NA,NA,7gbbc1jj3M8CgZ0orsQ8vb
DMX,2360398,73,1,east coast hip hop,gangster rap,hardcore hip hop,hip hop,pop rap,rap,southern hip hop,NA,NA,NA,1HwM5zlC5qNWhJtM00yXzG
Doildosi,0,3,1,NA,NA,NA,NA,NA,NA,NA,NA,NA,NA,5Amy6cnYJA3kneVZqSTHlX
Doja Cat,5084229,90,1,dance pop,pop,NA,NA,NA,NA,NA,NA,NA,NA,5cj0lLjcoR7YOSnhnX0Po5
Dolly Parton,1333685,78,1,classic country pop,country,country dawn,NA,NA,NA,NA,NA,NA,NA,32vWCbZh0xZ4o9gkz4PsEU
Don Mills,3441,38,1,k-rap,NA,NA,NA,NA,NA,NA,NA,NA,NA,6bIsFWNkjQvSm5P4rqlxKn
Donutman,4423,35,1,k-rap,NA,NA,NA,NA,NA,NA,NA,NA,NA,2xH4dYFMVhdOGIhgIWonbc
dosii,14495,43,1,k-indie,korean city pop,NA,NA,NA,NA,NA,NA,NA,NA,41lcf5k3PkUdxupYLkcjCd
Dr. Dre,5407005,82,1,g funk,gangster rap,hip hop,rap,west coast rap,NA,NA,NA,NA,NA,6DPYiyq5kWVQS4RGwxzPC7
Drakeo the Ruler,139785,63,1,cali rap,vapor trap,NA,NA,NA,NA,NA,NA,NA,NA,0p4ViyfJUTW0IT4SCBLexf
Duckwrth,236085,69,1,alternative r&b,indie r&b,underground hip hop,NA,NA,NA,NA,NA,NA,NA,6I3MElirhT5t6Kf7p0hGk9
Earl Sweatshirt,1381161,71,1,alternative hip hop,escape room,experimental hip hop,hip hop,rap,underground hip hop,NA,NA,NA,NA,3A5tHz1SfngyOZM2gItYKu
East Frog,249,22,1,NA,NA,NA,NA,NA,NA,NA,NA,NA,NA,1NBzQYaVKtFWXdf8dmQ4Xg
Eco Yard,252,10,1,NA,NA,NA,NA,NA,NA,NA,NA,NA,NA,1F7qPkpPDxKhPjMOh5O7zL
Ed Sheeran,75461473,93,1,pop,uk pop,NA,NA,NA,NA,NA,NA,NA,NA,6eUKZXaKkcviH0Ku9w2n3V
Eek-A-Mouse,170037,52,1,dub,reggae,roots reggae,NA,NA,NA,NA,NA,NA,NA,6xqlgBccdlxUh5DeJSx2ho
Elle Teresa,13745,44,1,j-rap,NA,NA,NA,NA,NA,NA,NA,NA,NA,3eP3EbQEnina3kh1UTNvbj
Enjoy Music Club,24045,33,1,j-indie,japanese alternative rock,NA,NA,NA,NA,NA,NA,NA,NA,30TUV9gTBJ8ffWRMe3O2J0
Erika Nishi,1621,28,1,japanese alternative pop,NA,NA,NA,NA,NA,NA,NA,NA,NA,7J7NV5RglXhb1GoGj0sS1R
Estelle,210881,70,1,neo soul,r&b,NA,NA,NA,NA,NA,NA,NA,NA,5T0MSzX9RC5NA6gAI6irSn
Eve,819795,69,1,dance pop,hip hop,hip pop,philly rap,pop rap,r&b,rap,urban contemporary,NA,NA,4d3yvTptO48nOYTPBcPFZC
EVERGLOW,769797,69,1,k-pop,k-pop girl group,NA,NA,NA,NA,NA,NA,NA,NA,3ZZzT0naD25RhY2uZvIKkJ
Evidence,168,15,1,NA,NA,NA,NA,NA,NA,NA,NA,NA,NA,6CJjWGU8Ea7w333EwmBuxi
Excision,560488,65,1,brostep,canadian electronic,edm,electro house,electronic trap,NA,NA,NA,NA,NA,5FKchcZpQOkqFvXBj1aCvb
Fabienne Debarre,56,23,1,NA,NA,NA,NA,NA,NA,NA,NA,NA,NA,08cjELphN95ioHJdYNLWVX
Fatman Scoop,31983,62,1,nyc rap,NA,NA,NA,NA,NA,NA,NA,NA,NA,15GGbJKqC6w0VYyAJtjej6
FEMM,19416,37,1,j-pop girl group,japanese electropop,NA,NA,NA,NA,NA,NA,NA,NA,2Mi7J9LAIe6xEzObKt6JHq
Fin.K.L,11721,36,1,k-pop girl group,korean pop,NA,NA,NA,NA,NA,NA,NA,NA,2aRLyjYp7WPr4EkjkI1gvS
Flamingosis,118155,55,1,chillhop,future funk,NA,NA,NA,NA,NA,NA,NA,NA,75cW8FFekyCjj0mfZM1Gfb
Flo Rida,7917664,82,1,dance pop,miami hip hop,pop,pop dance,pop rap,NA,NA,NA,NA,NA,0jnsk9HBra6NMjO2oANoPY
Fort Romeau,29771,44,1,deep house,electronica,float house,microhouse,outsider house,NA,NA,NA,NA,NA,5MKqWyqq5CStK7AhkTvzQF
Freeway,184379,53,1,alternative hip hop,battle rap,gangster rap,hardcore hip hop,hip hop,philly rap,rap,southern hip hop,NA,NA,2Jwr7hGoSNK3S3QBxh3T0z
Friday Night Plans,52472,53,1,city pop,japanese r&b,NA,NA,NA,NA,NA,NA,NA,NA,71YfYiTx6KAZFJfKaNYueQ
Future,9806865,91,1,atl hip hop,pop rap,rap,southern hip hop,trap,NA,NA,NA,NA,NA,1RyvyyTE3xzB2ZywiAwp0i
G-Mo Skee,14972,38,1,NA,NA,NA,NA,NA,NA,NA,NA,NA,NA,1lzI1n7isejxFyXsmO17si
G-Unit,1383751,65,1,gangster rap,hardcore hip hop,hip hop,pop rap,queens hip hop,rap,southern hip hop,trap,NA,NA,6evKD5JWJON3qPBJtUEmtY
Gaeko,55849,58,1,k-rap,korean r&b,NA,NA,NA,NA,NA,NA,NA,NA,0tkHE1pQ5ZCgQb8WZ0ba79
Gang Starr,646538,66,1,alternative hip hop,conscious hip hop,east coast hip hop,gangster rap,hardcore hip hop,hip hop,rap,NA,NA,NA,5cMgGlA1xGyeAB2ctYlRdZ
GARNiDELiA,202380,53,1,anime,anime rock,j-pixie,j-poprock,otacore,NA,NA,NA,NA,NA,7MIbdLkqD1qQE35LSISIM6
GAZIROVKA,40056,52,1,russian dance,NA,NA,NA,NA,NA,NA,NA,NA,NA,0PkPqQe8TU96Z8VVXCrZ71
GD X TAEYANG,281194,49,1,k-pop boy group,NA,NA,NA,NA,NA,NA,NA,NA,NA,3HJVw8aEtFqoc3raJVE8am
George Clinton,306645,58,1,funk,p funk,soul,NA,NA,NA,NA,NA,NA,NA,2GVBp7QyHckoOg7rYkLvrA
Gerd Janson,17676,46,1,frankfurt electronic,german house,NA,NA,NA,NA,NA,NA,NA,NA,4jLpm91Tyk2TRgv43bMfZO
GIRIBOY,152293,60,1,k-indie,k-rap,korean r&b,NA,NA,NA,NA,NA,NA,NA,2MtHuR0W2idZdF7x4wddqq
Gizzle,5103,47,1,NA,NA,NA,NA,NA,NA,NA,NA,NA,NA,0xukYGKRRwBWS1N9sfCQoq
Grandmaster Flash,198855,49,1,bronx hip hop,conscious hip hop,east coast hip hop,electro,hip hop,hip house,old school hip hop,rap,turntablism,NA,1JfnADNz5yYEq3hrzlZHLk
Gregory Isaacs,365301,59,1,dub,lovers rock,reggae,roots reggae,NA,NA,NA,NA,NA,NA,6QHu71f8LLeT8n0GzfbYFc
Grimes,1290112,74,1,art pop,canadian electropop,dance pop,electropop,grave wave,hyperpop,indietronica,metropopolis,pop,NA,053q0ukIDRgzwTr4vNSwab
Grizzly,6117,36,1,k-indie,korean r&b,NA,NA,NA,NA,NA,NA,NA,NA,5Egus6b1x9pYOnqsG7y1f4
Guapdad 4000,68314,66,1,cali rap,oakland hip hop,scam rap,trap soul,underground hip hop,vapor trap,NA,NA,NA,NA,0NcPKaSNIHAM2RfioH9vMT
Half Mile Beach Club,1098,11,1,NA,NA,NA,NA,NA,NA,NA,NA,NA,NA,7B6BN3NuLRQHD9QMENwB8e
Halley Stella,0,0,1,NA,NA,NA,NA,NA,NA,NA,NA,NA,NA,7oedM6uZILjuXEMtDkDLzR
Halsey,13658729,89,1,dance pop,electropop,etherpop,indie poptimism,pop,pop dance,post-teen pop,NA,NA,NA,26VFTg2z8YR0cCuwLzESi2
Han Yo Han,14077,44,1,k-rap,NA,NA,NA,NA,NA,NA,NA,NA,NA,0yHrFzi7dWriMWhB5XA99P
HARRY HOSONO & THE WORLD SHYNESS,1614,12,1,NA,NA,NA,NA,NA,NA,NA,NA,NA,NA,6VEndVXAbDVjfCg4AgNRpk
Hauzee,178,25,1,NA,NA,NA,NA,NA,NA,NA,NA,NA,NA,6TmxcVLd8y6Tya65wIEvrb
Herbie Hancock,482281,62,1,bebop,contemporary post-bop,cool jazz,funk,instrumental funk,jazz,jazz funk,jazz fusion,jazz piano,soul,2ZvrvbQNrHKwjT7qfGFFUW
Hikari,95,44,1,NA,NA,NA,NA,NA,NA,NA,NA,NA,NA,3MTt9WYmlzfy9uULNyxDiw
Hikari Mitsushima,6384,41,1,NA,NA,NA,NA,NA,NA,NA,NA,NA,NA,4ZX8Wr8KHHrW7radu6IwYG
Hiroji Miyamoto,42353,53,1,j-pop,NA,NA,NA,NA,NA,NA,NA,NA,NA,37yA8FvkJWnXZXbRg4IQaT
Hiromi,154493,46,1,contemporary jazz,japanese jazz,japanese jazz fusion,jazz fusion,modern jazz piano,NA,NA,NA,NA,NA,7DeuppKQdCVhuWrzzCBBpc
Hitomi Tohyama,2892,31,1,classic city pop,NA,NA,NA,NA,NA,NA,NA,NA,NA,3qccez9ByXrGuPDQaJiy6o
HITOMITOI,11108,39,1,city pop,NA,NA,NA,NA,NA,NA,NA,NA,NA,3Uj4f5PGdIJEhCJkqysb3l
Hiyadam,9651,39,1,j-rap,japanese trap,NA,NA,NA,NA,NA,NA,NA,NA,5akLOzzp3zMfvne1K2tv7e
Hoody,205159,62,1,chill r&b,k-indie,k-pop,k-rap,korean pop,korean r&b,NA,NA,NA,NA,7lXgbtBDcCRbfc5f8FhGUL
Hoshina Anniversary,130,25,1,NA,NA,NA,NA,NA,NA,NA,NA,NA,NA,6DuASRDmTMKVZr4kwiots9
HYOYEON,160311,47,1,k-pop,NA,NA,NA,NA,NA,NA,NA,NA,NA,0B3I6YgdnfXehUCpsO6oB8
HyperJuice,1668,12,1,japanese edm,NA,NA,NA,NA,NA,NA,NA,NA,NA,4e3TvyemCX7w0FOxoekRek
I:O:I,11,2,1,NA,NA,NA,NA,NA,NA,NA,NA,NA,NA,3bfOnJOTLZZp4RyTA1YhcT
Ichiko Hashimoto,850,20,1,japanese jazz,NA,NA,NA,NA,NA,NA,NA,NA,NA,4wTSNilt4EsffHSJrcnwbQ
in FAM step,738,16,1,NA,NA,NA,NA,NA,NA,NA,NA,NA,NA,2KUwQdiHrplyJnVeMA3uyu
Ini Kamoze,88102,59,1,dub,reggae,reggae fusion,roots reggae,NA,NA,NA,NA,NA,NA,1VJspRsoC6c0bvqhnSiFCs
INO hidefumi,10070,35,1,japanese jazz,japanese jazz fusion,japanese jazztronica,japanese soul,shibuya-kei,NA,NA,NA,NA,NA,0StJhTOwSFMrgRwDGnnE2S
Inshow ha,6741,25,1,j-indie,NA,NA,NA,NA,NA,NA,NA,NA,NA,6oZfAOrVYegzxjJaaQ0LpA
iri,213840,59,1,j-pop,japanese electropop,japanese r&b,NA,NA,NA,NA,NA,NA,NA,1mN9lPKzTRTOop4u7S1Uy9
Irion,69,27,1,NA,NA,NA,NA,NA,NA,NA,NA,NA,NA,2nNmJC52TJSexxyt8C4N42
Itsue,9073,31,1,japanese math rock,NA,NA,NA,NA,NA,NA,NA,NA,NA,4wSJYcOAQb6GbdjCTmYfDT
j-hope,5114173,68,1,k-pop,k-rap,NA,NA,NA,NA,NA,NA,NA,NA,0b1sIQumIAsNbqAoIClSpy
JackEffect,0,0,1,NA,NA,NA,NA,NA,NA,NA,NA,NA,NA,42pCxhHIjs7cy7qiPjIdtW
Jake Strain,310,36,1,NA,NA,NA,NA,NA,NA,NA,NA,NA,NA,2liN73EoaEZ94CTvL2lXYe
Jakki,78,3,1,deep disco,NA,NA,NA,NA,NA,NA,NA,NA,NA,2luutBtZ1zNOnIR16CnkBZ
Jamie Foxx,756858,70,1,dance pop,hip hop,hip pop,neo soul,pop rap,r&b,southern hip hop,urban contemporary,NA,NA,7LnaAXbDVIL75IVPnndf7w
Janai,65,38,1,NA,NA,NA,NA,NA,NA,NA,NA,NA,NA,0x9rtwsyJne349H9TJGDk0
Janice Quatlane (CV: Nana Mizuki),271,16,1,NA,NA,NA,NA,NA,NA,NA,NA,NA,NA,4qmOag8xRJZPN1zujiwLpO
Jason Derulo,8828108,89,1,dance pop,pop,pop dance,pop rap,post-teen pop,NA,NA,NA,NA,NA,07YZf4WDAMNwqr4jfgOZ8y
Jay Rock,981395,74,1,conscious hip hop,gangster rap,hip hop,pop rap,rap,southern hip hop,trap,underground hip hop,NA,NA,28ExwzUQsvgJooOI0X1mr3
Jeezy,1747057,76,1,atl hip hop,crunk,dirty south rap,gangster rap,hip hop,pop rap,rap,southern hip hop,trap,NA,4yBK75WVCQXej1p04GWqxH
JENNIE,529783,64,1,k-pop,NA,NA,NA,NA,NA,NA,NA,NA,NA,250b0Wlc5Vk0CoUsaCY84M
Jessi,394498,66,1,k-pop,NA,NA,NA,NA,NA,NA,NA,NA,NA,64k5e9kV9MdukXjFrR5R37
Jessie J,8214624,77,1,dance pop,pop,pop dance,pop rap,post-teen pop,NA,NA,NA,NA,NA,2gsggkzM5R49q6jpPvazou
Ji Dam Yook,90,26,1,NA,NA,NA,NA,NA,NA,NA,NA,NA,NA,0q5mCOaqzgDnmthha6f4W7
Jimin,1537,27,1,NA,NA,NA,NA,NA,NA,NA,NA,NA,NA,0JsJlrgqL1MRUEvzpLfXFX
JINBO the SuperFreak,5970,31,1,korean r&b,NA,NA,NA,NA,NA,NA,NA,NA,NA,4PlxqkEk6seCManiTAPTWb
Joell Ortiz,116562,58,1,alternative hip hop,battle rap,boom bap,hardcore hip hop,NA,NA,NA,NA,NA,NA,1q13yHC6Syg5Y8iPLrRnCq
Joey Tee,73,35,1,NA,NA,NA,NA,NA,NA,NA,NA,NA,NA,2nvByDK4Fr3N0G5f46bcUI
John Park,44970,45,1,k-indie,korean pop,NA,NA,NA,NA,NA,NA,NA,NA,4mbvd7ZJ2goftjy1L33LiB
Joji,4036154,86,1,alternative r&b,viral pop,NA,NA,NA,NA,NA,NA,NA,NA,3MZsBdqDrRTJihTHQrO6Dq
Jolin Tsai,437201,62,1,mandopop,NA,NA,NA,NA,NA,NA,NA,NA,NA,1r9DuPTHiQ7hnRRZ99B8nL
Jordan Nocturne,673,20,1,NA,NA,NA,NA,NA,NA,NA,NA,NA,NA,2yXuTkmZAi1D8vXJrRA72W
Jowonu,229,24,1,NA,NA,NA,NA,NA,NA,NA,NA,NA,NA,4q6KoLmJbfzmZc0ubbuMsU
JP THE WAVY,63040,56,1,j-rap,japanese trap,NA,NA,NA,NA,NA,NA,NA,NA,0hBYSjDjcAaAuSZcpN8jk9
JPEGMAFIA,318722,65,1,alternative hip hop,escape room,experimental hip hop,hip hop,industrial hip hop,rap,underground hip hop,NA,NA,NA,6yJ6QQ3Y5l0s0tn7b0arrO
Juice WRLD,15380268,98,1,chicago rap,melodic rap,NA,NA,NA,NA,NA,NA,NA,NA,4MCBfE4596Uoi2O4DtmEMz
Jun Hyung Yong From BEAST,20,31,1,NA,NA,NA,NA,NA,NA,NA,NA,NA,NA,4zE4dzZhy5zjgZjdXusUPa
Junoflo,56152,46,1,k-rap,NA,NA,NA,NA,NA,NA,NA,NA,NA,5ZjBaiZiRUZx4AmlzOOc9R
Jus2,272510,51,1,k-pop,k-pop boy group,NA,NA,NA,NA,NA,NA,NA,NA,1pXX6uuufA0Zrk4Ksuh4nv
Kaede,4444,33,1,alt-idol,city pop,shibuya-kei,NA,NA,NA,NA,NA,NA,NA,0KZ83Y1bF24W54rmvP2qxr
Kaoru Aizawa,79,18,1,classic city pop,NA,NA,NA,NA,NA,NA,NA,NA,NA,4P73471OaZuqdf3aYRd5Fe
KARA,364264,52,1,k-pop,k-pop girl group,NA,NA,NA,NA,NA,NA,NA,NA,7aZ221EQfonNG2lO9Hh192
Kavka Shishido,12455,34,1,NA,NA,NA,NA,NA,NA,NA,NA,NA,NA,0dlbyoDrOHqBVQpKdPuUB8
Keem Hyo-Eun,12077,49,1,k-rap,NA,NA,NA,NA,NA,NA,NA,NA,NA,59KuGY6nfY3w39O0qYVA7p
Keigo Hoashi,2275,51,1,japanese vgm,NA,NA,NA,NA,NA,NA,NA,NA,NA,1eY8HYYmdbuZj17eis6sIM
Kelis,386217,70,1,dance pop,electropop,hip pop,neo soul,r&b,urban contemporary,NA,NA,NA,NA,0IF46mUS8NXjgHabxk2MCM
Kelly Rowland,2532916,71,1,atl hip hop,dance pop,hip pop,neo soul,pop,pop r&b,pop rap,post-teen pop,r&b,urban contemporary,3AuMNF8rQAKOzjYppFNAoB
Kero Kero Bonito,303917,62,1,escape room,hyperpop,japanese electropop,NA,NA,NA,NA,NA,NA,NA,6OqhFYFJDnBBHas02HopPT
Kid Vishis,6192,30,1,NA,NA,NA,NA,NA,NA,NA,NA,NA,NA,3J3bqhNAKIJlFosbr0nFY1
Killer Mike,219825,58,1,alternative hip hop,atl hip hop,conscious hip hop,political hip hop,southern hip hop,NA,NA,NA,NA,NA,2N4EYkIlG1kv25g6Wv8LGI
KIM HEECHUL,98975,50,1,korean pop,NA,NA,NA,NA,NA,NA,NA,NA,NA,7GbN8yzIP7CFK5bNbUi6L3
Kimparkchella,185,22,1,NA,NA,NA,NA,NA,NA,NA,NA,NA,NA,0HP1KvUGODkg4yFRMNVQlD
King Green,4304,50,1,NA,NA,NA,NA,NA,NA,NA,NA,NA,NA,3jivTPQnC8Vupqc3EFO33c
Klub Rider,809,38,1,coverchill,NA,NA,NA,NA,NA,NA,NA,NA,NA,16qQcoH29BgfLJtFqSPT2f
KONA,92,5,1,NA,NA,NA,NA,NA,NA,NA,NA,NA,NA,6E1vNiOCUfC7BmxAvwIYIr
Kool G Rap,167793,50,1,alternative hip hop,boom bap,east coast hip hop,gangster rap,hardcore hip hop,hip hop,old school hip hop,queens hip hop,rap,NA,099tLNCZZvtjC7myKD0mFp
Kousuke Atari,18150,39,1,okinawan folk,ryukyu ongaku,NA,NA,NA,NA,NA,NA,NA,NA,7b8ldacdKpE3AtFaXQu1AG
Kumi Koda,368723,58,1,j-pop,NA,NA,NA,NA,NA,NA,NA,NA,NA,2mGYHril2LuZodRtTX06BC
La Chat,41240,47,1,crunk,dirty south rap,gangster rap,memphis hip hop,southern hip hop,trap,NA,NA,NA,NA,5hDwYJ7KaXEQV2XBeijKNt
Ladebare,434,20,1,NA,NA,NA,NA,NA,NA,NA,NA,NA,NA,5AnAdS3TumeVuPszRkY13h
Lady Saw,113286,54,1,dancehall,lovers rock,old school dancehall,reggae fusion,soca,NA,NA,NA,NA,NA,2X1VgNqQOiSbkyel3a9rjK
LE,120,26,1,NA,NA,NA,NA,NA,NA,NA,NA,NA,NA,5h0QnpgJxd77A8UXYrcvhy
Lee Sun Hee,15871,41,1,classic korean pop,korean pop,NA,NA,NA,NA,NA,NA,NA,NA,4ZQVfuvon3XnGYkjTSey1O
Lil Icy,70,0,1,NA,NA,NA,NA,NA,NA,NA,NA,NA,NA,4VWS9ItCwbl1pMMfg7pARp
Lil Pump,7458203,75,1,emo rap,miami hip hop,rap,trap,vapor trap,NA,NA,NA,NA,NA,3wyVrVrFCkukjdVIdirGVY
Lily Allen,1657785,72,1,dance pop,pop,pop dance,NA,NA,NA,NA,NA,NA,NA,13saZpZnCDWOI9D4IJhp1f
Lim Kim,42364,39,1,k-indie,NA,NA,NA,NA,NA,NA,NA,NA,NA,4kGuk6HkL6hwuQrgSWISBv
LINDBERG,53398,42,1,j-pop,NA,NA,NA,NA,NA,NA,NA,NA,NA,1fwyrDSLYLNCWHRv3Siyd7
Lipps Inc.,65484,61,1,disco,minneapolis sound,NA,NA,NA,NA,NA,NA,NA,NA,0lwRI7lvmlRY5DiA5Xa6wQ
LIZ,66095,52,1,dance pop,electropop,escape room,hyperpop,indie poptimism,NA,NA,NA,NA,NA,6t2Rja6dihuxH6Mrgyynp6
LOOΠΔ / ODD EYE CIRCLE,384477,54,1,k-pop,k-pop girl group,NA,NA,NA,NA,NA,NA,NA,NA,5KPaeBm0fVfCSZLydp9jdy
Loosefingers,372,23,1,NA,NA,NA,NA,NA,NA,NA,NA,NA,NA,1vbs5ghUw3aJTLwlVdIqKb
Lootpack,35795,43,1,alternative hip hop,bboy,hardcore hip hop,hip hop,turntablism,NA,NA,NA,NA,NA,2D0NqDyt2R9RVar9MNs8kP
Los,1365,40,1,NA,NA,NA,NA,NA,NA,NA,NA,NA,NA,396SgLoc5TB6oqatyTy2HD
Lovely Summer Chan,28109,44,1,alt-idol,j-rock,japanese alternative rock,japanese dream pop,NA,NA,NA,NA,NA,NA,4nA0WP72lQ6494sT3xbips
LT,0,0,1,NA,NA,NA,NA,NA,NA,NA,NA,NA,NA,5Dlfp6vGhCNkOQFfHkCl5O
Ludacris,2055223,80,1,atl hip hop,dance pop,dirty south rap,hip hop,pop rap,rap,southern hip hop,trap,NA,NA,3ipn9JLAPI5GUEo4y4jcoi
lyrical school,11803,31,1,alt-idol,idol rock,j-idol,j-pop girl group,NA,NA,NA,NA,NA,NA,6V7cWMccRQEiOWSqygWYeK
Macaco,366665,63,1,latin alternative,spanish pop,NA,NA,NA,NA,NA,NA,NA,NA,7mUBMaZW1MXGswaneb0JTT
majiko,109519,58,1,anime,anime rock,j-pixie,NA,NA,NA,NA,NA,NA,NA,6HX4Jrnb0WhEv9goeGoh6p
Makaveli,1281956,58,1,gangster rap,hardcore hip hop,hip hop,rap,NA,NA,NA,NA,NA,NA,4pmNqFu71wEmFXSsYAiWK8
Makura Izumi,17,0,1,NA,NA,NA,NA,NA,NA,NA,NA,NA,NA,795JdcDk6FtTJe6xnlr7cW
Maluma,23570964,92,1,reggaeton,reggaeton colombiano,NA,NA,NA,NA,NA,NA,NA,NA,1r4hJ1h58CWwUQe3MxPuau
Mamiko Suzuki,33060,42,1,j-rap,NA,NA,NA,NA,NA,NA,NA,NA,NA,21bkNzNX7do9qb8SM9wFQF
Marianne Shinonome,365,2,1,NA,NA,NA,NA,NA,NA,NA,NA,NA,NA,7blKUtxG00HizwuZUqGBfS
Marilyn Manson,3122454,75,1,alternative metal,industrial,industrial metal,industrial rock,nu metal,wrestling,NA,NA,NA,NA,2VYQTNDsvvKN9wmU5W7xpj
Mariya Ise,51,24,1,NA,NA,NA,NA,NA,NA,NA,NA,NA,NA,30e1S6526bG333RFXseTNq
Masafumi Takada,33845,57,1,japanese vgm,otacore,NA,NA,NA,NA,NA,NA,NA,NA,6u08wRMmY0Myz8HaNbIOQb
Masaki Matsubara,3279,30,1,classic city pop,NA,NA,NA,NA,NA,NA,NA,NA,NA,5pDFSAj0BZHUN8Uw2C5VhA
Max Coveri,7300,52,1,eurobeat,NA,NA,NA,NA,NA,NA,NA,NA,NA,4aFf48VQYRT631OJGgVwUv
Max Romeo,79286,54,1,dub,reggae,rock steady,roots reggae,ska,NA,NA,NA,NA,NA,45QpZznbXYo3nWy0TIhvgv
Maxwell Implosion,217,3,1,NA,NA,NA,NA,NA,NA,NA,NA,NA,NA,6S57u3kaEr1ZrCOgQU6JGR
MC Eiht,236123,63,1,g funk,gangster rap,hardcore hip hop,hip hop,rap,west coast rap,NA,NA,NA,NA,4XqfpACObRB5AsBcUYjL8X
MC Hammer,386763,62,1,hip hop,hip house,new jack swing,rap,NA,NA,NA,NA,NA,NA,2rblp9fJo16ZPTcKDtlmKW
Meego,2902,46,1,NA,NA,NA,NA,NA,NA,NA,NA,NA,NA,1a09srXkFLTxDTfQRGRpNy
Microdot,5639,37,1,k-rap,NA,NA,NA,NA,NA,NA,NA,NA,NA,1ToWoFmtIc9NTPFy7lR690
MIDICRONICA,5913,32,1,ambeat,NA,NA,NA,NA,NA,NA,NA,NA,NA,2v4xE9iGRGIKGxxCku3HWy
Miho Hatori,3167,41,1,shibuya-kei,NA,NA,NA,NA,NA,NA,NA,NA,NA,21StrITbN3uLjv5OdsLAja
Mikey Phin,200,27,1,NA,NA,NA,NA,NA,NA,NA,NA,NA,NA,4N4pLV4GAXMZnK9IBoDFmU
Min Kyunghoon,24469,50,1,NA,NA,NA,NA,NA,NA,NA,NA,NA,NA,7uv6GgFILw5jZxPnsGzER3
Minsu,7538,34,1,k-indie,NA,NA,NA,NA,NA,NA,NA,NA,NA,1o13ZguNtAOcOe1k0chkta
Miso,37356,56,1,korean electropop,korean r&b,NA,NA,NA,NA,NA,NA,NA,NA,04xEkodoWyFji8icX911jM
Miss Information,338,3,1,NA,NA,NA,NA,NA,NA,NA,NA,NA,NA,5wnlJrrs6sCxP09C8dYhdf
Mitch Murder,67451,51,1,filter house,synthwave,NA,NA,NA,NA,NA,NA,NA,NA,7eOzCiTklgHxfpf6Mb3D2e
Mitsunori Ikeda,471,35,1,NA,NA,NA,NA,NA,NA,NA,NA,NA,NA,6EP9l6n1MqBWLMDLsBGZSx
Miu Sakamoto,4161,27,1,japanese alternative pop,NA,NA,NA,NA,NA,NA,NA,NA,NA,53MtqYIMvV1Z2L6FCh9f3h
MIYACHI,34731,51,1,asian american hip hop,j-rap,japanese trap,NA,NA,NA,NA,NA,NA,NA,04mGcrL09AEKdlGVrjpf1P
MIYAVI,202539,54,1,j-metal,visual kei,NA,NA,NA,NA,NA,NA,NA,NA,7sBtBCNVRujQhaHDODkfTN
Mobb Deep,1236391,70,1,east coast hip hop,gangster rap,hardcore hip hop,hip hop,queens hip hop,rap,NA,NA,NA,NA,6O2zJ0tId7g07yzHtX0yap
Monkey Majik,135196,57,1,j-pop,j-poprock,j-rock,NA,NA,NA,NA,NA,NA,NA,6U2dgcU46Iy9pF3RQBj5hG
Moon Myung Jin,2841,26,1,NA,NA,NA,NA,NA,NA,NA,NA,NA,NA,22UJMTV1uMOvqP35ujo28k
moumoon,32051,42,1,j-poprock,NA,NA,NA,NA,NA,NA,NA,NA,NA,2lXdBKdqczUqxZlQxqTaFF
Mr Hudson,21764,60,1,NA,NA,NA,NA,NA,NA,NA,NA,NA,NA,1zV9UjTUevjp5VUddqIUUn
Musumeci,8164,36,1,NA,NA,NA,NA,NA,NA,NA,NA,NA,NA,5AezOTggHnFTiQ5AiowFBf
My Mine,5220,38,1,italian disco,NA,NA,NA,NA,NA,NA,NA,NA,NA,6RJSLoaPbwMo58MnK83v8o
Namco Sounds,14177,52,1,japanese vgm,NA,NA,NA,NA,NA,NA,NA,NA,NA,2Ufp710KxNRvzFvOp96Qqd
Nao Matsuzaki,3641,31,1,NA,NA,NA,NA,NA,NA,NA,NA,NA,NA,4kJ6CqdA47nnH8aNePaA8Q
Naomi Akimoto,3073,29,1,classic city pop,NA,NA,NA,NA,NA,NA,NA,NA,NA,4tVWj4YQ5kteJu56XOphEl
Nate Dogg,981920,79,1,g funk,gangster rap,hip hop,pop rap,rap,west coast rap,NA,NA,NA,NA,1Oa0bMld0A3u5OTYfMzp5h
Natsuko Nisshoku,32715,40,1,japanese singer-songwriter,NA,NA,NA,NA,NA,NA,NA,NA,NA,4GnFg9D7Ds99UI0r5t9PZK
Natvnomvzik,121,37,1,NA,NA,NA,NA,NA,NA,NA,NA,NA,NA,2zOzJOxLjXfmycB4nh2VKk
NCT 127,3526081,75,1,k-pop,k-pop boy group,NA,NA,NA,NA,NA,NA,NA,NA,7f4ignuCJhLXfZ9giKT7rH
Nirvana,11995497,84,1,alternative rock,grunge,permanent wave,rock,NA,NA,NA,NA,NA,NA,6olE6TJLqED3rqDCT0FyPh
No Doubt,1838483,70,1,alternative rock,dance pop,permanent wave,pop rock,NA,NA,NA,NA,NA,NA,0cQbJU1aAzvbEmTuljWLlF
Noriko Sakai,13068,38,1,classic city pop,NA,NA,NA,NA,NA,NA,NA,NA,NA,5O6fCwFxAOAEOtW0FCXNEd
Nujabes,538227,65,1,chillhop,downtempo,japanese chillhop,japanese old school hip hop,jazz rap,NA,NA,NA,NA,NA,3Rq3YOF9YG9YfCWD4D56RZ
Odee,1123,39,1,NA,NA,NA,NA,NA,NA,NA,NA,NA,NA,6cXolDFPOgf0wuRe5kMPxo
offonoff,214423,57,1,chill r&b,korean r&b,NA,NA,NA,NA,NA,NA,NA,NA,0dTj3SqwE8kPnCzyzvYzhT
Oh No,41458,49,1,alternative hip hop,wonky,NA,NA,NA,NA,NA,NA,NA,NA,5PA6iCCOkq14PpMWWlhJ5T
OHHYUK,25505,50,1,k-indie,korean pop,NA,NA,NA,NA,NA,NA,NA,NA,68TCVp5t1Dxi2TvNuYoYK0
Oikawa Neko,21,0,1,NA,NA,NA,NA,NA,NA,NA,NA,NA,NA,6hnDAp7sMJs7VsuDxclyou
Okasian,38569,37,1,k-rap,NA,NA,NA,NA,NA,NA,NA,NA,NA,5XdnR0kqQUWzeTDdsJNulO
Okazaki Taiiku,72591,48,1,japanese electropop,NA,NA,NA,NA,NA,NA,NA,NA,NA,5yKQkcO2MWUp3Z5jUs70pW
OLEK,3126,60,1,polish hip hop,polish trap,NA,NA,NA,NA,NA,NA,NA,NA,4nRJJWVfbPAULHZl7VYVE8
Omegah Red,3637,36,1,NA,NA,NA,NA,NA,NA,NA,NA,NA,NA,0uOSxOGedkz9jzlhbTJcDB
Osshun Gum,6767,34,1,k-rap,NA,NA,NA,NA,NA,NA,NA,NA,NA,4F4rHRjTw15zhEFKvnLs7q
Pacewon,4979,47,1,new jersey rap,NA,NA,NA,NA,NA,NA,NA,NA,NA,4xlnKEcLzFYoxRmAuxI2Yt
Palms Trax,46469,42,1,float house,lo-fi house,NA,NA,NA,NA,NA,NA,NA,NA,52XSRQqTAfZ8ZrIqkQvQyA
PASSEPIED,49017,43,1,idol rock,j-poprock,japanese alternative rock,japanese indie pop,NA,NA,NA,NA,NA,NA,115IWAVy4OTxhE0xdDef1c
Passionate Mc,2007,37,1,NA,NA,NA,NA,NA,NA,NA,NA,NA,NA,39Cz5apCJ3Dp63FFZSxsCp
PENTAGON,1140075,66,1,k-pop,k-pop boy group,NA,NA,NA,NA,NA,NA,NA,NA,1wKpMkucynaTfG8lyPprYV
Perfume,552043,58,1,bitpop,j-idol,j-pop,j-pop girl group,japanese electropop,shibuya-kei,NA,NA,NA,NA,2XMxWKPKCxoLkSdpCViCnr
Philtre,442,11,1,NA,NA,NA,NA,NA,NA,NA,NA,NA,NA,3FIZk2kINBRZGWMxOfSevK
Playdough,2807,15,1,christian hip hop,NA,NA,NA,NA,NA,NA,NA,NA,NA,2hjEGPXpN1BGpNjODQ4ImL
Priscilla,1289,40,1,NA,NA,NA,NA,NA,NA,NA,NA,NA,NA,3guo5KSFSYSvcyH7kEiNBy
Q-Tip,438558,67,1,alternative hip hop,east coast hip hop,hardcore hip hop,hip hop,neo soul,queens hip hop,NA,NA,NA,NA,3ZotbHeyVQKxQCPDJuQ4SU
R.A. The Rugged Man,98764,54,1,alternative hip hop,conscious hip hop,east coast hip hop,hardcore hip hop,hip hop,underground rap,NA,NA,NA,NA,3mUHAiDazZq75gh6If5zoD
Raekwon,410543,65,1,alternative hip hop,east coast hip hop,gangster rap,hardcore hip hop,hip hop,rap,southern hip hop,NA,NA,NA,2yQf6b8hxahZaT5dHlWaB1
Raito,4649,41,1,japanese vgm,sound team,NA,NA,NA,NA,NA,NA,NA,NA,7kxmGiNppHPNj3rfnolmkN
Rakim,548126,60,1,east coast hip hop,gangster rap,hardcore hip hop,hip hop,rap,NA,NA,NA,NA,NA,3PyWEKLWI0vHPmoNrIX0QE
Rakiyah,2630,34,1,NA,NA,NA,NA,NA,NA,NA,NA,NA,NA,3EaMWS6JZsJwBICEFUsWPR
Rapsody,178971,60,1,alternative hip hop,hip hop,north carolina hip hop,southern hip hop,trap queen,underground hip hop,NA,NA,NA,NA,6NL31G53xThQXkFs7lDpL5
Rarin,12842,66,1,sad rap,NA,NA,NA,NA,NA,NA,NA,NA,NA,3VhKwjUzCzgIJAzpjMBXmQ
Red Velvet - IRENE & SEULGI,198755,63,1,k-pop,NA,NA,NA,NA,NA,NA,NA,NA,NA,6bwp9ObI8FWvMPCIWVBmhl
Reddy,26298,46,1,k-rap,NA,NA,NA,NA,NA,NA,NA,NA,NA,69H1Ooj2eBJXLTk3IEBV0v
RHYME,498,14,1,NA,NA,NA,NA,NA,NA,NA,NA,NA,NA,5soNcAUPxpWwipU594dlqZ
Rich Travali,120,54,1,NA,NA,NA,NA,NA,NA,NA,NA,NA,NA,0vjnkhhMwacKwkrJFE0TVH
Richie Kohan,1144,51,1,epicore,NA,NA,NA,NA,NA,NA,NA,NA,NA,3QYRu7CWJylnxkvbTS3ovC
RJD2,312338,57,1,alternative hip hop,big beat,electronica,hip hop,jazztronica,ninja,nu jazz,turntablism,NA,NA,1O3ZOjqFLEnbpZexcRjocn
Rob Thomas,629171,65,1,neo mellow,pop rock,NA,NA,NA,NA,NA,NA,NA,NA,3aBkeBhwadnWMWoVJ2CxJC
Rockwell,15696,57,1,NA,NA,NA,NA,NA,NA,NA,NA,NA,NA,3xs0LEzcPXtgNfMNcHzLIP
Rolling Quartz,16657,37,1,NA,NA,NA,NA,NA,NA,NA,NA,NA,NA,5mVYT7sPm3xsNMrA8YWONe
Ruff Loaderz,507,58,1,NA,NA,NA,NA,NA,NA,NA,NA,NA,NA,5JOIrGvup0vD5VjodB62Ui
Ryan Tedder,22780,62,1,NA,NA,NA,NA,NA,NA,NA,NA,NA,NA,4we5S2VLjgY9KzIzApL1KI
SAAY,67473,48,1,korean r&b,NA,NA,NA,NA,NA,NA,NA,NA,NA,2pvCf5g7XBReiPIvcq7W18
Sama-D,13,2,1,NA,NA,NA,NA,NA,NA,NA,NA,NA,NA,4u9CDfsHbUCQ8ExDcpYDOB
San E,68986,42,1,k-pop,k-rap,NA,NA,NA,NA,NA,NA,NA,NA,61MMiylth1injW39oZBuYB
Saudi,17207,55,1,south african hip hop,NA,NA,NA,NA,NA,NA,NA,NA,NA,37Qsf5KCKljH7mL134xp4k
SCANDAL,219914,54,1,anime,idol rock,j-pop,j-poprock,NA,NA,NA,NA,NA,NA,7hTZwqQILVH4bAbN67CeEz
Selena Gomez & The Scene,6147425,71,1,dance pop,electropop,pop,pop dance,pop rap,post-teen pop,viral pop,NA,NA,NA,6dJeKm76NjfXBNTpHmOhfO
Seo Taiji and Boys,11906,32,1,korean pop,NA,NA,NA,NA,NA,NA,NA,NA,NA,52Gsa9Zypqztm2DeNkQfCm
SEUNGRI,415281,62,1,k-pop,NA,NA,NA,NA,NA,NA,NA,NA,NA,20j1uz7iDOtIvIzCr5S8nx
Shaboozey,11939,56,1,pop rap,NA,NA,NA,NA,NA,NA,NA,NA,NA,3y2cIKLjiOlp1Np37WiUdH
Shina-E,5,1,1,NA,NA,NA,NA,NA,NA,NA,NA,NA,NA,0zWF6kgIyBbdEnrxWLgh2V
SHINee,2070366,66,1,k-pop,k-pop boy group,NA,NA,NA,NA,NA,NA,NA,NA,2hRQKC0gqlZGPrmUKbcchR
Shing02,44143,50,1,ambeat,NA,NA,NA,NA,NA,NA,NA,NA,NA,0FB6beTn4vescDdnHeCUm9
SHISHAMO,339578,54,1,j-pop,j-poprock,j-rock,japanese alternative rock,NA,NA,NA,NA,NA,NA,6MGHit7sV38BhpChZYByFv
Shofu,10441,50,1,NA,NA,NA,NA,NA,NA,NA,NA,NA,NA,6Mt5Jv5qiHPyCmnaLbr6Rz
SIKK-O,349,36,1,NA,NA,NA,NA,NA,NA,NA,NA,NA,NA,62x90xtztIeFjU7Z9eVKDR
Simon Phillips,293,32,1,NA,NA,NA,NA,NA,NA,NA,NA,NA,NA,1OGCS507PQzgLappLg26AK
SIRUP,153534,57,1,j-pop,japanese r&b,japanese soul,NA,NA,NA,NA,NA,NA,NA,1HzcHe0WFm4koBalCEOkVh
Sister Nancy,83414,53,1,dub,old school dancehall,reggae,roots reggae,NA,NA,NA,NA,NA,NA,21pMSs2JHWwwy2kp1QIIVB
Skepta,872034,80,1,birmingham grime,grime,instrumental grime,rap,NA,NA,NA,NA,NA,NA,2p1fiYHYiXz9qi0JJyxBzN
Skylar Grey,435395,74,1,piano rock,viral pop,NA,NA,NA,NA,NA,NA,NA,NA,4utLUGcTvOJFr6aqIJtYWV
Skyzoo,52490,43,1,alternative hip hop,boom bap,hardcore hip hop,hip hop,soul flow,NA,NA,NA,NA,NA,0qHfqHyHZnxvv1lfkJraQc
slowthai,296996,71,1,hip hop,rap,uk alternative hip hop,uk hip hop,NA,NA,NA,NA,NA,NA,3r1XkJ7vCs8kHBSzGvPLdP
Smokey & Miho,715,15,1,NA,NA,NA,NA,NA,NA,NA,NA,NA,NA,4ugKaIEVH5GFg8H1mGAB0a
Snacky Chan,1822,27,1,k-rap,NA,NA,NA,NA,NA,NA,NA,NA,NA,4UTKdKB32XqCsQGLjZEfmw
SOB X RBE,445137,61,1,cali rap,trap,vapor trap,NA,NA,NA,NA,NA,NA,NA,2TImI3DW7o5MdRXJs4D37h
sogumm,11674,47,1,k-indie,NA,NA,NA,NA,NA,NA,NA,NA,NA,50x9jHrP6wy9fo3jK5pNqS
"Soil & ""Pimp"" Sessions",49968,43,1,japanese jazz,japanese jazz fusion,japanese jazztronica,NA,NA,NA,NA,NA,NA,NA,5COMNbVWoe1Kb5UTFAaUwF
SOLE,34032,53,1,chill r&b,k-indie,korean pop,korean r&b,NA,NA,NA,NA,NA,NA,6naXFodImN2DwRmKCQHAUt
SOYEON of (G)I-DLE,260292,62,1,k-pop,NA,NA,NA,NA,NA,NA,NA,NA,NA,6Xg22wJOAcnvPUfk5WvODH
Space Cowboy,9123,46,1,NA,NA,NA,NA,NA,NA,NA,NA,NA,NA,7IEs29neldWttflhIzGhCX
Stephen Marley,476185,64,1,modern reggae,reggae,roots reggae,NA,NA,NA,NA,NA,NA,NA,0CIwCGmQMqHqiblnZlFia1
Steve Lacy,516195,74,1,afrofuturism,alternative r&b,rap,NA,NA,NA,NA,NA,NA,NA,57vWImR43h4CaDao012Ofp
Stevie Stone,137553,54,1,deep underground hip hop,NA,NA,NA,NA,NA,NA,NA,NA,NA,2IvPBSC4CgNLYC1GHEAxcN
Styles P,437926,65,1,battle rap,east coast hip hop,gangster rap,hardcore hip hop,hip hop,pop rap,rap,southern hip hop,trap,NA,2x8KDZdSONA3872CnhaAlX
Suga Bang,389,16,1,NA,NA,NA,NA,NA,NA,NA,NA,NA,NA,1Oy0p6HJJzUDHWt7GdONnm
SUPERBEE,34869,49,1,k-rap,NA,NA,NA,NA,NA,NA,NA,NA,NA,0Q5XzDpn7DCI5jlubok4xb
SuperM,1315280,68,1,k-pop,NA,NA,NA,NA,NA,NA,NA,NA,NA,5BHFSMEjfLVx1JwRWjAOsE
Supreme Boi,6278,53,1,NA,NA,NA,NA,NA,NA,NA,NA,NA,NA,6sBiS0iWcCyMMgiYrEOxbt
Survivor,673653,71,1,album rock,hard rock,rock,soft rock,NA,NA,NA,NA,NA,NA,26bcq2nyj5GB7uRr558iQg
Swavay,10958,56,1,atl hip hop,indie hip hop,NA,NA,NA,NA,NA,NA,NA,NA,29gIYsdyccGoUc6qgkZeTK
Sway D,2268,40,1,k-rap,NA,NA,NA,NA,NA,NA,NA,NA,NA,3HfWEOcXit3EkuRCt5M3Yd
Swing Slow,2669,28,1,NA,NA,NA,NA,NA,NA,NA,NA,NA,NA,143PqSeGuE4117P3YDV1lQ
Swizz Beatz,276015,66,1,battle rap,hip pop,pop rap,rap,southern hip hop,trap,NA,NA,NA,NA,2cADQgiLMjNhbsfeN52Bf3
T-SQUARE,31605,44,1,anime score,japanese jazz,japanese jazz fusion,NA,NA,NA,NA,NA,NA,NA,7BwOjwl5mKpGVIvzvqEcie
T.I.,3602778,79,1,atl hip hop,dance pop,dirty south rap,gangster rap,hip hop,pop rap,rap,southern hip hop,trap,NA,4OBJLual30L7gRl5UkeRcT
Tablo,176980,52,1,k-pop,k-rap,korean r&b,NA,NA,NA,NA,NA,NA,NA,3NdOtTPPaXrCyC7Lpmzyhv
TAEYONG,503485,53,1,k-pop,NA,NA,NA,NA,NA,NA,NA,NA,NA,6SKusTjOAPsTZ6kareKQdm
TANUKI,10292,41,1,future funk,j-core,NA,NA,NA,NA,NA,NA,NA,NA,5n3X0T0RlvRxUR6l9dBwB8
Tarifa Chill Out,3681,22,1,NA,NA,NA,NA,NA,NA,NA,NA,NA,NA,1sgc8KHmYZjlIfQbjOPbMH
Tavito Nanao,35235,40,1,j-rock,japanese r&b,japanese singer-songwriter,japanese soul,NA,NA,NA,NA,NA,NA,6OK5I4qMrrS3taSgczMS1a
Tempalay,79968,49,1,j-rock,japanese alternative rock,NA,NA,NA,NA,NA,NA,NA,NA,5IlQkA8Lq4X0dOWHBumeJP
Tetsuya Komuro,17648,33,1,j-pop,NA,NA,NA,NA,NA,NA,NA,NA,NA,0YXSqOpIseLknz8JjcX0UH
The Boys Choir Of Harlem,1162,42,1,children's choir,NA,NA,NA,NA,NA,NA,NA,NA,NA,7Cp14KBRtDwGucKNPUyT11
The Cataracs,97742,65,1,NA,NA,NA,NA,NA,NA,NA,NA,NA,NA,7C64wNX3howEFZjAYRKsfP
The Furious Five,14147,35,1,bronx hip hop,NA,NA,NA,NA,NA,NA,NA,NA,NA,77iR4WkkEWMrhAw8lFFL2v
The Jackson 5,1081767,75,1,adult standards,motown,NA,NA,NA,NA,NA,NA,NA,NA,2iE18Oxc8YSumAU232n4rW
The Lady Of Rage,21533,42,1,g funk,gangster rap,NA,NA,NA,NA,NA,NA,NA,NA,5CxwOBCoGSvWxfDgNoa1Nv
The Nolans,18739,44,1,classic uk pop,NA,NA,NA,NA,NA,NA,NA,NA,NA,2H32fphWQj9hhVuCOKkchM
THE ORAL CIGARETTES,375164,64,1,j-pop,j-poprock,j-rock,japanese indie rock,NA,NA,NA,NA,NA,NA,4rqJz9fE9prZvQd8WsQv6q
The Pharcyde,448076,63,1,alternative hip hop,hardcore hip hop,hip hop,jazz rap,rap,west coast rap,NA,NA,NA,NA,7yk35uHNQclPXFGFoTU44w
The Product G&B,1689,57,1,NA,NA,NA,NA,NA,NA,NA,NA,NA,NA,782IpIScTpnDhYb9hyxOu1
The Pussycat Dolls,4025607,74,1,dance pop,girl group,pop,pop dance,pop rap,post-teen pop,urban contemporary,NA,NA,NA,6wPhSqRtPu1UhRCDX5yaDJ
The Sugarhill Gang,223547,57,1,east coast hip hop,funk,hip hop,hip house,new jersey rap,old school hip hop,rap,NA,NA,NA,7zliF6Q946WznVk3ZMYhZX
The Underachievers,322374,56,1,psychedelic hip hop,rap,underground hip hop,NA,NA,NA,NA,NA,NA,NA,51Pn4gGnZuyOMDfIT1Zy3N
The Upsetters,36991,55,1,dub,reggae,rock steady,roots reggae,ska,NA,NA,NA,NA,NA,12CNljuN6DW9e5x61FS03b
Thea Van Seijen,286,22,1,wu fam,NA,NA,NA,NA,NA,NA,NA,NA,NA,48ZI8lhMUQFmOMsegaT1x9
THREE1989,48532,42,1,japanese dance pop,japanese r&b,japanese soul,NA,NA,NA,NA,NA,NA,NA,43pUK083tLA3lk3JQr5ATn
Thundercat,675149,72,1,afrofuturism,hip hop,NA,NA,NA,NA,NA,NA,NA,NA,4frXpPxQQZwbCu3eTGnZEw
Tokimeki Records,6347,46,1,city pop,NA,NA,NA,NA,NA,NA,NA,NA,NA,73vrL9RiKlSaQFo2izavC1
TOKU,2272,26,1,japanese vocal jazz,NA,NA,NA,NA,NA,NA,NA,NA,NA,5PKGGjmxe8c0uWQSJlhL2q
Tomoyo Harada,43513,42,1,anime score,japanese jazz,shibuya-kei,NA,NA,NA,NA,NA,NA,NA,6tl1VDtemwax4iIKxqekK1
Tones And I,2567638,82,1,australian pop,pop,NA,NA,NA,NA,NA,NA,NA,NA,2NjfBq1NflQcKSeiDooVjY
Trevor Rich,277,53,1,NA,NA,NA,NA,NA,NA,NA,NA,NA,NA,6QhPWkWn4HiqXP9b3OMLKI
Trouble Maker,177200,47,1,k-pop,NA,NA,NA,NA,NA,NA,NA,NA,NA,0ztjVBmFk6OuHq6XBBwMI9
TSUBOI,2,2,1,NA,NA,NA,NA,NA,NA,NA,NA,NA,NA,5zfK3Q7rKgCvQ6r21YCbUG
Twista,672996,70,1,chicago rap,dance pop,dirty south rap,gangster rap,hip hop,pop rap,rap,trap,urban contemporary,NA,6vbY3hOaCAhC7VjucswgdS
UA,96529,41,1,j-rock,japanese singer-songwriter,shibuya-kei,NA,NA,NA,NA,NA,NA,NA,43XHGbWVe5qKVCuI0HMep0
Uesaka Sumire,451,14,1,NA,NA,NA,NA,NA,NA,NA,NA,NA,NA,63PT4czD5rzc6AEMCEryl5
Ugly Duck,5368,54,1,k-rap,NA,NA,NA,NA,NA,NA,NA,NA,NA,0Qr4St9aCOLu41Nt5QZIz1
Upstates,11941,30,1,NA,NA,NA,NA,NA,NA,NA,NA,NA,NA,3vFCgxYcaQ5iBPavzd6bqH
Utae,514,9,1,NA,NA,NA,NA,NA,NA,NA,NA,NA,NA,30aaJCBZ3WASNcbq27Z3MG
Vandesande,71,25,1,NA,NA,NA,NA,NA,NA,NA,NA,NA,NA,1XQTSZlJDmxoGzS1DeIzUm
Victoria Monét,286532,68,1,alternative r&b,chill r&b,dance pop,indie r&b,pop,pop r&b,pop rap,post-teen pop,r&b,urban contemporary,63XBtGSEZINSyXylZxEUbv
WagakkiBand,198107,53,1,idol rock,kawaii metal,oriental metal,shamisen,NA,NA,NA,NA,NA,NA,3PzqP5IkpLhlSdZLh7jwPn
WAKUSEI ABNORMAL,3648,24,1,japanoise,NA,NA,NA,NA,NA,NA,NA,NA,NA,1MeQhADFeadgcic2GpcND1
Wale,2939587,77,1,dance pop,gangster rap,hip hop,pop,pop rap,r&b,rap,southern hip hop,trap,urban contemporary,67nwj3Y5sZQLl72VNUHEYE
WEDNESDAY CAMPANELLA,131657,45,1,japanese dance pop,japanese electropop,NA,NA,NA,NA,NA,NA,NA,NA,0bp9CvkjQYhUJvWRHjFRWI
White Gold,1898,67,1,NA,NA,NA,NA,NA,NA,NA,NA,NA,NA,79KQgTCu4wV38ECYKn62DZ
WJSN,407692,55,1,k-pop,k-pop girl group,NA,NA,NA,NA,NA,NA,NA,NA,6hhqsQZhtp9hfaZhSd0VSD
Wonder Girls,385842,54,1,k-pop,k-pop girl group,NA,NA,NA,NA,NA,NA,NA,NA,3Cv2vi3WTl8VZOTdrBkKdM
Woo,59862,55,1,k-indie,k-rap,korean pop,NA,NA,NA,NA,NA,NA,NA,5a8EJtOEbUJDF4RX3mKK02
Wyclef Jean,233679,72,1,rap kreyol,NA,NA,NA,NA,NA,NA,NA,NA,NA,7aBzpmFXB4WWpPl2F7RjBe
XXXTENTACION,24867576,93,1,emo rap,miami hip hop,NA,NA,NA,NA,NA,NA,NA,NA,15UsOTVnJzReFVN1VCnxy4
Yaffle,3401,30,1,NA,NA,NA,NA,NA,NA,NA,NA,NA,NA,2BbGifSrMGEgvUXLypUWzV
YANGHONGWON,29372,46,1,k-rap,NA,NA,NA,NA,NA,NA,NA,NA,NA,1SsVqqC31h54Hg08g7uQhM
Yo Gotti,3160866,76,1,dirty south rap,gangster rap,hip hop,memphis hip hop,pop rap,rap,southern hip hop,tennessee hip hop,trap,NA,6Ha4aES39QiVjR0L2lwuwq
Yoko Oginome,47439,44,1,classic city pop,NA,NA,NA,NA,NA,NA,NA,NA,NA,6yqXW1ZKNeDm04DguLHoJk
YonYon,16851,48,1,japanese chill rap,NA,NA,NA,NA,NA,NA,NA,NA,NA,31cQ1UZ89lT9gFf6bvADZl
Young Thug,5870861,91,1,atl hip hop,atl trap,gangster rap,hip hop,melodic rap,pop rap,rap,trap,NA,NA,50co4Is1HCEo8bhOyUWKpn
Young Zee,4575,42,1,new jersey rap,NA,NA,NA,NA,NA,NA,NA,NA,NA,4OqgHlGnIFHukth5CY1Ejj
Yubin,124442,44,1,k-pop,korean city pop,NA,NA,NA,NA,NA,NA,NA,NA,3JUj7c2h5xkdOf0GJ07VWE
Yufu Terashima,2045,17,1,alt-idol,NA,NA,NA,NA,NA,NA,NA,NA,NA,1EprrjlHDT5PD1w2NrHDPJ
Yugen Blakrok,11140,48,1,south african hip hop,spiritual hip hop,NA,NA,NA,NA,NA,NA,NA,NA,3kv1Edgn5HlEWCuEKr1Y9x
Yuko Ando,39875,58,1,anime,j-rock,japanese singer-songwriter,NA,NA,NA,NA,NA,NA,NA,12dhEcVUnJVnIQLt91VdA3
Yuksek,85042,54,1,alternative dance,dance-punk,disco house,electro house,electrofox,electronica,filter house,french indie pop,french indietronica,new french touch,2ePIzx9NjxplS724QMZtsf
YunB,10184,36,1,k-rap,NA,NA,NA,NA,NA,NA,NA,NA,NA,2Z7teNgQJnz6qUp8FmhEtG
Yuzo Koshiro,11363,46,1,japanese vgm,NA,NA,NA,NA,NA,NA,NA,NA,NA,2e5j2AHVM9srnFD0Lev7TO
Zack De La Rocha,60324,55,1,industrial hip hop,political hip hop,NA,NA,NA,NA,NA,NA,NA,NA,1jKpNUjiz4KXgaAZD5FI9S
ZOMBIE-CHANG,13603,32,1,j-indie,japanese electropop,NA,NA,NA,NA,NA,NA,NA,NA,3Wsg07elLUSq6AdkUw1W9U
