"","Artist","Followers","Popularity","num_songs","G1","G2","G3","G4","G5","G6","G7","G8","G9","G10","id"
"1","Kanye West",13153490,91,49,"chicago rap","rap",NA,NA,NA,NA,NA,NA,NA,NA,"5K4W6rqBFWDnAN6FQUkS6x"
"2","f(x)",926798,57,33,"k-pop","k-pop girl group",NA,NA,NA,NA,NA,NA,NA,NA,"3wRA5UYoo08BBKJnzyKkpF"
"3","BTS",27925885,96,31,"k-pop","k-pop boy group",NA,NA,NA,NA,NA,NA,NA,NA,"3Nrfpe0tUJi4K4DXYWgMUX"
"4","Yu Hayami",9144,38,27,"classic city pop","techno kayo",NA,NA,NA,NA,NA,NA,NA,NA,"1EgJAueSbwh56nECF6YQHX"
"5","BoA",552537,62,26,"j-idol","k-pop",NA,NA,NA,NA,NA,NA,NA,NA,"4muJrGMndyYWqZtfk8OWy4"
"6","Justin Timberlake",10200773,84,25,"dance pop","pop",NA,NA,NA,NA,NA,NA,NA,NA,"31TPClRtHm23RisEBtV3X7"
"7","IU",3054871,75,23,"k-pop",NA,NA,NA,NA,NA,NA,NA,NA,NA,"3HqSLMAZ3g3d5poNaI7GOU"
"8","Sakanaction",812474,61,23,"hokkaido indie","j-pop","j-poprock","j-rock","japanese electropop",NA,NA,NA,NA,NA,"0hCWVMGGQnRVfDgmhwLIxq"
"9","Kendrick Lamar",16299357,89,20,"conscious hip hop","hip hop","rap","west coast rap",NA,NA,NA,NA,NA,NA,"2YZyLoL8N0Wb9xBt1NhZWg"
"10","Sheena Ringo",966241,61,20,"j-pop","j-rock",NA,NA,NA,NA,NA,NA,NA,NA,"2XjqKvB2Xz9IdyjWPIHaXi"
"11","Red Velvet",4667539,77,19,"k-pop","k-pop girl group",NA,NA,NA,NA,NA,NA,NA,NA,"1z4g3DjTBBZKhvAroFlhOM"
"12","Drake",52258047,97,18,"canadian hip hop","canadian pop","hip hop","pop rap","rap","toronto rap",NA,NA,NA,NA,"3TVXtAsR1Inumwj472S9r4"
"13","Madonna",4715340,80,18,"dance pop","pop",NA,NA,NA,NA,NA,NA,NA,NA,"6tbjWDEIzxoDsBA1FuhfPW"
"14","Paloalto",20191,53,17,"k-rap",NA,NA,NA,NA,NA,NA,NA,NA,NA,"2Yv0nlRtzgPl6u0dsS2hFv"
"15","YELLOW MAGIC ORCHESTRA",163724,50,17,"classic j-rock","electro","proto-techno","shibuya-kei","techno kayo","zolo",NA,NA,NA,NA,"2JIf5JxI3ypOSfrfNIIMQE"
"16","Lady Gaga",15779665,89,16,"dance pop","pop","pop dance",NA,NA,NA,NA,NA,NA,NA,"1HY2Jd0NmPuamShAr6KMms"
"17","Royce Da 5'9""",546654,69,16,"alternative hip hop","detroit hip hop","gangster rap","hardcore hip hop","hip hop","pop rap","rap","southern hip hop",NA,NA,"6DVipHzYsPlIoA0DW8Gmns"
"18","Wink",47666,46,14,"classic city pop",NA,NA,NA,NA,NA,NA,NA,NA,NA,"43sb4bVUPB5mWHAsm9bdT5"
"19","Gwen Stefani",4409805,78,13,"dance pop","europop","hip pop","pop","pop dance","pop rock","post-teen pop","urban contemporary",NA,NA,"4yiQZ8tQPux8cPriYMWUFP"
"20","Hikaru Utada",1806910,66,13,"classic j-pop","j-pop","japanese singer-songwriter",NA,NA,NA,NA,NA,NA,NA,"7lbSsjYACZHn1MSDXPxNF2"
"21","Ariana Grande",56649772,98,12,"dance pop","pop","post-teen pop",NA,NA,NA,NA,NA,NA,NA,"66CXWjxzNUsdJxJ2JdwvnR"
"22","Eminem",41044459,94,12,"detroit hip hop","hip hop","rap",NA,NA,NA,NA,NA,NA,NA,"7dGJo4pcD2V6oG8kP0tJRR"
"23","CAPSULE",60935,41,11,"j-dance","japanese electropop","shibuya-kei",NA,NA,NA,NA,NA,NA,NA,"61KJdJU38zrAW4c3PI9C9N"
"24","EXO",7173711,76,11,"k-pop","k-pop boy group",NA,NA,NA,NA,NA,NA,NA,NA,"3cjEqqelV9zb4BYE3qDQ4O"
"25","Hopsin",1800697,68,11,"conscious hip hop","hip hop","pop rap","rap",NA,NA,NA,NA,NA,NA,"7EWU4FhUJM1sZQgQKdENeT"
"26","Mondo Grosso",84429,47,11,"japanese jazztronica","shibuya-kei",NA,NA,NA,NA,NA,NA,NA,NA,"4d2zOuYJHBPJTpVblHEKJb"
"27","ONEPIXCEL",6695,29,11,"idol rock","j-pop girl group",NA,NA,NA,NA,NA,NA,NA,NA,"3REyUkjK0a9iovtPazhQvD"
"28","Tech N9ne",1869368,75,11,"hip hop","kansas city hip hop","pop rap","rap",NA,NA,NA,NA,NA,NA,"6UBA15slIuadJ8h2lPRPos"
"29","TeddyLoid",55394,54,11,"otacore",NA,NA,NA,NA,NA,NA,NA,NA,NA,"3GfNJrDTZY7voXPDx8gH9I"
"30","TWICE",7744081,85,11,"k-pop","k-pop girl group",NA,NA,NA,NA,NA,NA,NA,NA,"7n2Ycct7Beij7Dj7meI4X0"
"31","BLACKPINK",18480414,89,10,"k-pop","k-pop girl group",NA,NA,NA,NA,NA,NA,NA,NA,"41MozSoPIsD1dJM0CLPjZF"
"32","Gorillaz",6445176,82,10,"alternative hip hop",NA,NA,NA,NA,NA,NA,NA,NA,NA,"3AA28KZvwAUcZuOKwyblJQ"
"33","Gotan Project",277235,55,10,"electronica","jazztronica","neotango","nu jazz","world",NA,NA,NA,NA,NA,"44ejFPE33H5aOInxNV2BFP"
"34","Hiromi Iwasaki",45380,45,10,"classic city pop","kayokyoku",NA,NA,NA,NA,NA,NA,NA,NA,"7ef2Bdyd1lXJmutAbN4ZyO"
"35","Izumi Makura",25879,37,10,"japanese chill rap","kyushu indie",NA,NA,NA,NA,NA,NA,NA,NA,"012ldd58H1N5UZLxjMzV29"
"36","Namie Amuro",807452,63,10,"classic j-pop","j-pop","okinawan pop",NA,NA,NA,NA,NA,NA,NA,"4BmWSGKG6HiYvLuJvZ9afa"
"37","Nicki Minaj",20104749,90,10,"dance pop","hip pop","pop","pop dance","pop rap","post-teen pop","queens hip hop",NA,NA,NA,"0hCNtLu0JehylgoiP8L4Gh"
"38","Rich Brian",1712760,73,10,"indonesian hip hop",NA,NA,NA,NA,NA,NA,NA,NA,NA,"2IDLDx25HU1nQMKde4n61a"
"39","Swervy",7838,41,10,"k-rap",NA,NA,NA,NA,NA,NA,NA,NA,NA,"0YE7929Kw8hXmap9LKxUiC"
"40","Britney Spears",8392030,83,9,"dance pop","pop","pop dance","pop rap","post-teen pop",NA,NA,NA,NA,NA,"26dSoYclwsYLMAKD3tpOr4"
"41","Kim Wan-sun",1287,21,9,"classic korean pop","korean city pop",NA,NA,NA,NA,NA,NA,NA,NA,"3e0aTvNjIG93ye2YlL90UF"
"42","NEW SCHOOL LEADERS",9547,36,9,"idol rock",NA,NA,NA,NA,NA,NA,NA,NA,NA,"4OfU76YhPU04wlmbVFFgTJ"
"43","Rihanna",40797051,91,9,"barbadian pop","dance pop","pop","pop dance","post-teen pop","r&b","urban contemporary",NA,NA,NA,"5pKCCKE2ajJHZ9KAiaK11H"
"44","youra",9863,50,9,"k-indie",NA,NA,NA,NA,NA,NA,NA,NA,NA,"5q9adPv91NFr8q2ZcKmX0V"
"45","YUKIKA",35869,48,9,"k-indie","korean city pop",NA,NA,NA,NA,NA,NA,NA,NA,"4RfI1z9u2xIc5Qnqac4JbO"
"46","Capcom Sound Team",98889,59,8,"anime score","japanese vgm","sound team",NA,NA,NA,NA,NA,NA,NA,"3w1Q754jb31h5CXQCcnLNL"
"47","HUS",11263,29,8,"k-indie","korean city pop",NA,NA,NA,NA,NA,NA,NA,NA,"23m7tUHLULVyBAAIYHbsgT"
"48","JUSTHIS",25084,55,8,"k-rap",NA,NA,NA,NA,NA,NA,NA,NA,NA,"0Ch0t9gI47Lkal71uQnmV3"
"49","Kiyotaka Sugiyama",30371,53,8,"classic city pop",NA,NA,NA,NA,NA,NA,NA,NA,NA,"5Zc8dRhik5WK1nxjzcqwfC"
"50","Michael Jackson",17181532,85,8,"pop","r&b","soul",NA,NA,NA,NA,NA,NA,NA,"3fMbdgg4jU18AjLCKBhRSm"
"51","No Buses",44892,46,8,"j-indie","japanese garage rock",NA,NA,NA,NA,NA,NA,NA,NA,"5Tj6sv1bYiB4PqvvXcTSr6"
"52","Orange Caramel",226689,46,8,"k-pop","k-pop girl group",NA,NA,NA,NA,NA,NA,NA,NA,"2QHTtUsN6Q13w3QHdfRqsK"
"53","Pink Martini",279720,62,8,"adult standards","lounge","vocal jazz",NA,NA,NA,NA,NA,NA,NA,"6KyUat70qaniuiZq63HzFZ"
"54","Qwala",1475,12,8,NA,NA,NA,NA,NA,NA,NA,NA,NA,NA,"2zb68oKonEt9aaoBO0TZP8"
"55","Reol",178060,65,8,"anime rock","japanese electropop","otacore",NA,NA,NA,NA,NA,NA,NA,"7rpKUJ0AnklJ8q9nIPVSpZ"
"56","Rina Sawayama",409359,69,8,"art pop","dance pop","electropop","escape room","pop","pop dance",NA,NA,NA,NA,"2KEqzdPS7M5YwGmiuPTdr5"
"57","S. Kiyotaka & Omega Tribe",25463,53,8,"classic city pop",NA,NA,NA,NA,NA,NA,NA,NA,NA,"7bG2PIfT22HGxisl6LAohx"
"58","Sade",2255601,73,8,"british soul","neo soul","sophisti-pop",NA,NA,NA,NA,NA,NA,NA,"47zz7sob9NUcODy0BTDvKx"
"59","Saori Yuki",11708,43,8,"kayokyoku",NA,NA,NA,NA,NA,NA,NA,NA,NA,"4xMe6s0HgL2CSpUpJO5bd6"
"60","Satellite Young",7316,28,8,NA,NA,NA,NA,NA,NA,NA,NA,NA,NA,"6zV5EDvJzqY6i7ixlEKSvU"
"61","SUNMI",1960859,65,8,"k-pop",NA,NA,NA,NA,NA,NA,NA,NA,NA,"6MoXcK2GyGg7FIyxPU5yW6"
"62","<U+6C60><U+7530><U+5178><U+4EE3>",1386,21,7,"classic city pop",NA,NA,NA,NA,NA,NA,NA,NA,NA,"5FlsplkyPTzOB2aWgz2X1M"
"63","A Tribe Called Quest",1374944,70,7,"alternative hip hop","conscious hip hop","east coast hip hop","gangster rap","hardcore hip hop","hip hop","jazz rap","queens hip hop","rap",NA,"09hVIj6vWgoCDtT03h8ZCa"
"64","Bajune Tobeta",816,16,7,NA,NA,NA,NA,NA,NA,NA,NA,NA,NA,"1fAAIQj0OEjNlUeGTW26W7"
"65","Cibo Matto",56601,41,7,"shibuya-kei","trip hop",NA,NA,NA,NA,NA,NA,NA,NA,"2te8VJxgUxcElC8Uq6eJs6"
"66","Hideyuki Fukasawa",784,38,7,"japanese vgm","sound team",NA,NA,NA,NA,NA,NA,NA,NA,"3cDGDsZOLwD5aBLoX0GICu"
"67","LEEBADA",35667,44,7,"k-indie","korean r&b",NA,NA,NA,NA,NA,NA,NA,NA,"17vCFclNbTzsDfPgsaWaQO"
"68","School Food Punishment",23093,31,7,"j-poprock","japanese post-rock",NA,NA,NA,NA,NA,NA,NA,NA,"3xMxj310bLRnpvtcNPU92a"
"69","SUPER JUNIOR",1882975,66,7,"k-pop","k-pop boy group","korean pop",NA,NA,NA,NA,NA,NA,NA,"6gzXCdfYfFe5XKhPKkYqxV"
"70","1986 Omega Tribe",20595,45,6,"classic city pop",NA,NA,NA,NA,NA,NA,NA,NA,NA,"0ECegKslGWO6zz3XzTyIwQ"
"71","Jvcki Wai",49852,49,6,"k-rap","korean r&b",NA,NA,NA,NA,NA,NA,NA,NA,"4bjcB3ZKiHgPzJvY2S2FLN"
"72","Natsu Summer",3553,26,6,"city pop",NA,NA,NA,NA,NA,NA,NA,NA,NA,"4l3pCmSMjqdSkhWUZp6jCD"
"73","Soutaiseiriron",130837,48,6,"j-rock","japanese alternative rock","japanese indie pop","shibuya-kei",NA,NA,NA,NA,NA,NA,"1bj13qFAwnyM3ILOiFnn1Y"
"74","YESEO",28278,34,6,"k-indie","korean electropop","korean r&b",NA,NA,NA,NA,NA,NA,NA,"3ZjoQ5yuRyPhZSIw5nCVBb"
"75","(G)I-DLE",2171326,79,5,"k-pop","k-pop girl group",NA,NA,NA,NA,NA,NA,NA,NA,"2AfmfGFbe0A0WsTYm0SDTx"
"76","Akina Nakamori",191047,53,5,"j-pop","japanese new wave","kayokyoku","techno kayo",NA,NA,NA,NA,NA,NA,"7140bcJ0ZySe314nUfOo1J"
"77","D12",1656579,67,5,"detroit hip hop","gangster rap","hardcore hip hop","hip hop","pop rap","rap","rap rock",NA,NA,NA,"5Qi4Bb7a8C0a00NZcA77L0"
"78","Danny Brown",581082,64,5,"alternative hip hop","detroit hip hop","escape room","hip hop","rap","underground hip hop",NA,NA,NA,NA,"7aA592KWirLsnfb5ulGWvU"
"79","DAOKO",254527,62,5,"anime","j-pixie","japanese electropop",NA,NA,NA,NA,NA,NA,NA,"5Qeyh2XKoITt1mlEVtzazC"
"80","frederic",208982,55,5,"j-pop","j-poprock","j-rock",NA,NA,NA,NA,NA,NA,NA,"3srPc1Mytv5GmTWqsQuoXW"
"81","Haruomi Hosono",116341,50,5,"classic j-rock","fourth world","japanese folk","japanese psychedelic","japanese singer-songwriter","japanese soundtrack","proto-techno","shibuya-kei",NA,NA,"370nbSkMB9kDWyTypwWYak"
"82","JAY-Z",5903549,86,5,"east coast hip hop","hip hop","pop rap","rap",NA,NA,NA,NA,NA,NA,"3nFkdlSjzX9mRTtwJOzDYB"
"83","Little Simz",296880,60,5,"escape room","indie soul","trap queen","uk alternative hip hop",NA,NA,NA,NA,NA,NA,"6eXZu6O7nAUA5z6vLV8NKI"
"84","Luli Lee",8268,31,5,"k-indie","korean city pop",NA,NA,NA,NA,NA,NA,NA,NA,"3h4p2PKHb9JejBCHmWlthK"
"85","Lupe Fiasco",1524214,70,5,"alternative hip hop","chicago rap","conscious hip hop","gangster rap","hip hop","political hip hop","pop rap","rap","southern hip hop",NA,"01QTIT5P1pFP3QnnFSdsJf"
"86","Monari Wakita",3109,16,5,"city pop",NA,NA,NA,NA,NA,NA,NA,NA,NA,"2bE5hvtCWXT5F30rcbPI5u"
"87","Nucksal",17746,50,5,"k-rap",NA,NA,NA,NA,NA,NA,NA,NA,NA,"6v5cGuRCZKq08nLI4WXJuB"
"88","OOHYO",79514,50,5,"k-indie","korean electropop","korean pop",NA,NA,NA,NA,NA,NA,NA,"50Zu2bK9y5UAtD0jcqk5VX"
"89","POLKADOT STINGRAY",232206,59,5,"anime rock","j-pixie","j-pop","j-rock","japanese alternative rock","kyushu indie",NA,NA,NA,NA,"5zV9afUO4DVqJeRaZvfNev"
"90","Run The Jewels",856535,71,5,"hip hop","political hip hop",NA,NA,NA,NA,NA,NA,NA,NA,"4RnBFZRiMLRyZy0AzzTg2C"
"91","SOMA",2315,28,5,"korean r&b",NA,NA,NA,NA,NA,NA,NA,NA,NA,"2YZhod6BAbnBKh2nPdUejY"
"92","<U+30A2><U+30C8><U+30E9><U+30B9><U+30B5><U+30A6><U+30F3><U+30C9><U+30C1><U+30FC><U+30E0>",44230,68,4,"japanese vgm",NA,NA,NA,NA,NA,NA,NA,NA,NA,"4hFBhdNVZZuVk5FYThUwaN"
"93","<U+7530><U+6751><U+82BD><U+5B9F>",3611,21,4,NA,NA,NA,NA,NA,NA,NA,NA,NA,NA,"1kzM8g2NVR1BAA2xuyFvQz"
"94","Alter Bridge",807067,65,4,"alternative metal","nu metal","post-grunge","rock",NA,NA,NA,NA,NA,NA,"4DWX7u8BV0vZIQSpJQQDWU"
"95","BIBI",104002,62,4,"k-pop","korean r&b",NA,NA,NA,NA,NA,NA,NA,NA,"6UbmqUEgjLA6jAcXwbM1Z9"
"96","Chambao",280584,51,4,"flamenco","rumba","spanish pop",NA,NA,NA,NA,NA,NA,NA,"2qhLqZ1pkiUl5HNrU2Nz0R"
"97","Copywrite",11057,30,4,"abstract hip hop","ohio hip hop","underground rap",NA,NA,NA,NA,NA,NA,NA,"05YQdfjpG35u5fmVn7Y0sc"
"98","El-P",129461,47,4,"abstract hip hop","alternative hip hop","east coast hip hop","experimental hip hop","turntablism",NA,NA,NA,NA,NA,"57UnSUpae3SbRekxNa5Kgl"
"99","Gesu No Kiwami Otome",286053,54,4,"j-pop","j-rock",NA,NA,NA,NA,NA,NA,NA,NA,"1ieluXFoq2RRxMXZIQksTz"
"100","Huckleberry P",5496,36,4,"k-rap",NA,NA,NA,NA,NA,NA,NA,NA,NA,"4meeMnr8eLacsB31ApsXZS"
"101","HyunA",1163048,58,4,"k-pop",NA,NA,NA,NA,NA,NA,NA,NA,NA,"3UwlejyX2b458azZ7eCnHb"
"102","Lil Wayne",10011524,90,4,"hip hop","new orleans rap","pop rap","rap","trap",NA,NA,NA,NA,NA,"55Aa2cqylxrFIXC767Z865"
"103","MHz",1412,8,4,"ohio hip hop",NA,NA,NA,NA,NA,NA,NA,NA,NA,"6Us0gGqIRKYghX6OGEVGs2"
"104","Nelly Furtado",2348608,77,4,"canadian latin","canadian pop","dance pop","pop","pop dance","pop rap",NA,NA,NA,NA,"2jw70GZXlAI8QzWeY2bgRc"
"105","Poppy",778307,66,4,"dance pop","electropop","escape room","modern rock","pop",NA,NA,NA,NA,NA,"5mlbvTfWUOfDrUIK6dkNzv"
"106","Raina",2968,32,4,NA,NA,NA,NA,NA,NA,NA,NA,NA,NA,"2lkUAt5tu0ucVOMFT9hYtg"
"107","Rainbow note",4812,28,4,"korean city pop",NA,NA,NA,NA,NA,NA,NA,NA,NA,"5qgNxAqFqHpGVqZQHvrm17"
"108","Rammstein",5426228,80,4,"alternative metal","german metal","industrial","industrial metal","industrial rock","neue deutsche harte","nu metal",NA,NA,NA,"6wWVKhxIU2cEi0K81v7HvP"
"109","RZA",343965,60,4,"alternative hip hop","east coast hip hop","hardcore hip hop","hip hop",NA,NA,NA,NA,NA,NA,"4iCwCMnqsNZ6atvRiADgtn"
"110","Talking Heads",1476706,72,4,"art punk","art rock","dance rock","funk rock","new wave","permanent wave","post-punk","rock","zolo",NA,"2x9SpqnPi8rlE9pjHBwmSC"
"111","YAKUSHIMARU Etsuko",66418,42,4,"denpa-kei",NA,NA,NA,NA,NA,NA,NA,NA,NA,"6h32A03szyWpPmQCZSJ4Mi"
"112","YooA",31217,50,4,"k-pop",NA,NA,NA,NA,NA,NA,NA,NA,NA,"4ur1jCwyNlhgd0viJkOtcQ"
"113","Yung Bae",130491,64,4,"future funk",NA,NA,NA,NA,NA,NA,NA,NA,NA,"30FDJPN3RtwJZ20g5YGCRX"
"114","Akon",2588161,82,3,"dance pop",NA,NA,NA,NA,NA,NA,NA,NA,NA,"0z4gvV4rjIZ9wHck67ucSV"
"115","AOA",576033,56,3,"k-pop","k-pop girl group",NA,NA,NA,NA,NA,NA,NA,NA,"54gWVQFHf8IIqbjxAoOarN"
"116","Asako Toki",54704,48,3,"japanese jazz fusion","japanese r&b","shibuya-kei",NA,NA,NA,NA,NA,NA,NA,"4VIGlACQnSacU0b1HTLA7y"
"117","Beyoncé",25850873,88,3,"dance pop","pop","pop dance","post-teen pop","r&b",NA,NA,NA,NA,NA,"6vWDO969PvNqNYHIOW5v0m"
"118","Busdriver",74089,47,3,"abstract hip hop","alternative hip hop",NA,NA,NA,NA,NA,NA,NA,NA,"43SXnO2N4X024u3l9MfvXD"
"119","Carpenter Brut",275096,62,3,"cyberpunk","darksynth","synthwave",NA,NA,NA,NA,NA,NA,NA,"1l2oLiukA9i5jEtIyNWIEP"
"120","Far East Movement",1002665,69,3,"asian american hip hop","dance pop","edm","pop","pop dance","pop rap","post-teen pop",NA,NA,NA,"698hF4vcwHwPy8ltmXermq"
"121","H ZETTRIO",40928,45,3,"japanese jazz","japanese jazz fusion",NA,NA,NA,NA,NA,NA,NA,NA,"5Ga4ie7tlXW9Fc6ObLbSCY"
"122","Hash Swan",53734,49,3,"k-rap",NA,NA,NA,NA,NA,NA,NA,NA,NA,"3yVEZNS0ateVfoj8FuazKg"
"123","HEIZE",608940,66,3,"k-pop","korean pop","korean r&b",NA,NA,NA,NA,NA,NA,NA,"5dCvSnVduaFleCnyy98JMo"
"124","Junko Ohashi",41463,52,3,"classic city pop","kayokyoku",NA,NA,NA,NA,NA,NA,NA,NA,"7rGbODPTIVjzn3CTR6RCzE"
"125","Keiichi Okabe",9627,55,3,"anime score","japanese vgm",NA,NA,NA,NA,NA,NA,NA,NA,"0fj8MsM0gSugGUVd9RGV06"
"126","Kid Cudi",4511360,89,3,"hip hop","ohio hip hop","rap",NA,NA,NA,NA,NA,NA,NA,"0fA0VVWsXO9YnASrzqfmYu"
"127","King Gnu",1537277,72,3,"j-pop",NA,NA,NA,NA,NA,NA,NA,NA,NA,"6wxfx1yhyqjCPYwwxJktR2"
"128","Kohmi Hirose",106766,50,3,"classic j-pop","j-pop","japanese singer-songwriter",NA,NA,NA,NA,NA,NA,NA,"0jMZY406RfgjK6PFKIRfAv"
"129","Krizz Kaliko",268448,65,3,"country rap","kansas city hip hop","rap rock","southern hip hop",NA,NA,NA,NA,NA,NA,"3SEJQy90Vgg1aSnZ9b4AU9"
"130","KXNG Crooked",66546,61,3,"cali rap",NA,NA,NA,NA,NA,NA,NA,NA,NA,"6fFfnKGVI6X3lkCr8Qw1g1"
"131","LADIES' CODE",90196,41,3,"k-pop","k-pop girl group",NA,NA,NA,NA,NA,NA,NA,NA,"4epPY1AW9lQeVUM1XaFiwi"
"132","LOONA",1040182,71,3,"k-pop","k-pop girl group",NA,NA,NA,NA,NA,NA,NA,NA,"52zMTJCKluDlFwMQWmccY7"
"133","Missy Elliott",1540958,75,3,"dance pop","hip hop","hip pop","pop","pop rap","r&b","urban contemporary","virginia hip hop",NA,NA,"2wIVse2owClT7go1WT98tk"
"134","nica",615,3,3,NA,NA,NA,NA,NA,NA,NA,NA,NA,NA,"58R91elnUAarOAhU4lY7VH"
"135","Otoboke Beaver",42956,40,3,"j-punk","japanese girl punk","japanese pop punk","japanese punk rock",NA,NA,NA,NA,NA,NA,"0HutkALC7kq2L8b9bnZUkq"
"136","RM",4468023,69,3,"k-rap",NA,NA,NA,NA,NA,NA,NA,NA,NA,"2auC28zjQyVTsiZKNgPRGs"
"137","SEAPOOL",1820,13,3,"japanese indie rock","kansai indie",NA,NA,NA,NA,NA,NA,NA,NA,"0iuh3bi0fF2wlYvZG01vZn"
"138","Shizuka Kudo",64864,47,3,"classic j-pop","j-pop",NA,NA,NA,NA,NA,NA,NA,NA,"7sU5H7XSVz0GC1RyM7jY2W"
"139","Tage",131,13,3,NA,NA,NA,NA,NA,NA,NA,NA,NA,NA,"00YrqcA1jmgdArw3G7MY8x"
"140","Timbaland",1842413,79,3,"dance pop","hip hop","hip pop","pop","pop dance","pop rap","urban contemporary",NA,NA,NA,"5Y5TRrQiqgUO4S36tzjIRZ"
"141","Tokyo Girls' Style",18490,27,3,"alt-idol","idol rock","j-idol","j-pop girl group",NA,NA,NA,NA,NA,NA,"2mUoXdIOsE0kFnXdNzS3wx"
"142","Yuri Tanaka",6697,40,3,"classic city pop",NA,NA,NA,NA,NA,NA,NA,NA,NA,"2SdovVmFnr5G1SlQzG5Hp0"
"143","ZICO",861738,69,3,"k-pop","k-rap","korean pop","korean r&b",NA,NA,NA,NA,NA,NA,"4XpUIb8uuNlIWVKmgKZXC0"
"144","<U+AC15><U+C218><U+C9C0>",539,22,2,"classic korean pop",NA,NA,NA,NA,NA,NA,NA,NA,NA,"6yvfQfQ8CS9aXvGlyHEdoi"
"145","2 Chainz",6065864,83,2,"atl hip hop","gangster rap","hip hop","pop rap","rap","southern hip hop","trap",NA,NA,NA,"17lzZA2AlOHwCwFALHttmp"
"146","2NE1",1716582,62,2,"dance pop","k-pop","k-pop girl group","pop dance",NA,NA,NA,NA,NA,NA,"1l0mKo96Jh9HVYONcRl3Yp"
"147","A crow is white",22164,34,2,"denpa-kei","japanese indie pop",NA,NA,NA,NA,NA,NA,NA,NA,"6Ihais1Q3Uht375CjQqeSR"
"148","ACO",19510,32,2,"shibuya-kei",NA,NA,NA,NA,NA,NA,NA,NA,NA,"1G29J8b3UnUFUilGCbUlXf"
"149","Ai Haruna",118,6,2,NA,NA,NA,NA,NA,NA,NA,NA,NA,NA,"72xYcNsQtz46g9FdguuYUD"
"150","Aseul",13202,31,2,"k-indie","korean dream pop","korean electropop",NA,NA,NA,NA,NA,NA,NA,"7K1yj70w0ldP7bMDqiiHMo"
"151","Astro Chillberto",2,4,2,NA,NA,NA,NA,NA,NA,NA,NA,NA,NA,"6bBZs4k8Hp7QKyFwzePMBJ"
"152","B-Free",14141,34,2,"k-rap",NA,NA,NA,NA,NA,NA,NA,NA,NA,"5xHC23kCM6goKp7bDDXE3T"
"153","Bad Meets Evil",1122980,64,2,"detroit hip hop","gangster rap","hip hop","pop rap","rap",NA,NA,NA,NA,NA,"77IURH5NC56Jn09QHi76is"
"154","Big Sean",8069688,86,2,"detroit hip hop","hip hop","pop rap","rap","southern hip hop","trap",NA,NA,NA,NA,"0c173mlxpT3dSFRgMO8XPh"
"155","Black Eyed Peas",5235725,86,2,"dance pop","pop","pop dance","pop rap",NA,NA,NA,NA,NA,NA,"1yxSLGMDHlW21z4YXirZDS"
"156","Bon Iver",2878916,81,2,"eau claire indie","indie folk","melancholia",NA,NA,NA,NA,NA,NA,NA,"4LEiUm1SRbFMgfqnQTwUbQ"
"157","Bronze",2272,37,2,"k-indie",NA,NA,NA,NA,NA,NA,NA,NA,NA,"4YJiSEvipvRRttmmpvT3U7"
"158","Chitose Hajime",38032,35,2,"okinawan folk","okinawan pop","ryukyu ongaku",NA,NA,NA,NA,NA,NA,NA,"0ii3SuIwfRs4pRH2sQ1J0U"
"159","Chris Brown",12984890,90,2,"dance pop","pop","pop rap","r&b","rap",NA,NA,NA,NA,NA,"7bXgB6jMjp9ATFy66eO08Z"
"160","Ciara",4768546,74,2,"dance pop","hip pop","pop","post-teen pop","r&b","urban contemporary",NA,NA,NA,NA,"2NdeV5rLm47xAvogXrYhJX"
"161","clipping.",164623,56,2,"alternative hip hop","escape room","experimental hip hop","industrial hip hop",NA,NA,NA,NA,NA,NA,"5HJ2kX5UTwN4Ns8fB5Rn1I"
"162","Conway the Machine",103716,63,2,"alternative hip hop","boom bap","buffalo hip hop","hip hop","underground hip hop",NA,NA,NA,NA,NA,"67gqUXxHedeUGDTxwBzdjS"
"163","D-Styles",5087,39,2,"scratch","turntablism",NA,NA,NA,NA,NA,NA,NA,NA,"0Xqx5Wr906GcxJnRNOCPSr"
"164","Damian Marley",1158491,70,2,"modern reggae","reggae","reggae fusion",NA,NA,NA,NA,NA,NA,NA,"3QJzdZJYIAcoET1GcfpNGi"
"165","DREAMS COME TRUE",978139,60,2,"classic j-pop","j-pop",NA,NA,NA,NA,NA,NA,NA,NA,"2mJOGcLR3aCHkM1uAF93or"
"166","EXID",1208744,59,2,"k-pop","k-pop girl group",NA,NA,NA,NA,NA,NA,NA,NA,"1xs6WFotNQSXweo0GXrS0O"
"167","Eyedi",46809,38,2,"k-indie","korean r&b",NA,NA,NA,NA,NA,NA,NA,NA,"48BSHaU3lXnM3pYHyeqLXN"
"168","Frasco",5460,27,2,"japanese electropop",NA,NA,NA,NA,NA,NA,NA,NA,NA,"2zDndG5Mv76XtMDZ4M6HGh"
"169","Fujifabric",216764,51,2,"j-pop","j-poprock","j-rock","japanese alternative rock",NA,NA,NA,NA,NA,NA,"2QgdUzpKFNxey5IuwvsGBL"
"170","G2",17304,45,2,"k-rap",NA,NA,NA,NA,NA,NA,NA,NA,NA,"4ueZwsEtcqcO0IZywqgk66"
"171","Gotye",2231146,71,2,"australian pop",NA,NA,NA,NA,NA,NA,NA,NA,NA,"2AsusXITU8P25dlRNhcAbG"
"172","HELLOVENUS",169544,40,2,"k-pop","k-pop girl group",NA,NA,NA,NA,NA,NA,NA,NA,"3TW9U1f93tpGBsEtCSf7JG"
"173","HINTO",873,8,2,NA,NA,NA,NA,NA,NA,NA,NA,NA,NA,"0k7oisa6USxcsJk3dfA9Co"
"174","IA",53921,48,2,"anime rock","vocaloid",NA,NA,NA,NA,NA,NA,NA,NA,"1oz1HYOyJhjshPi5Nvs3MX"
"175","iKON",2848550,68,2,"k-pop","k-pop boy group",NA,NA,NA,NA,NA,NA,NA,NA,"5qRSs6mvI17zrkJpOHkCoM"
"176","Inspectah Deck",131880,56,2,"alternative hip hop","east coast hip hop","hardcore hip hop","hip hop",NA,NA,NA,NA,NA,NA,"4OBbOrkD4geIjOLrICN3wO"
"177","Jedi Mind Tricks",293372,57,2,"conscious hip hop","hardcore hip hop","philly rap","political hip hop","underground rap",NA,NA,NA,NA,NA,"0PI3pXpUMScjweiw3IbADc"
"178","Kenjiro Sakiya",2472,24,2,"classic city pop",NA,NA,NA,NA,NA,NA,NA,NA,NA,"14tdomXFf9cDR8ms2xVN03"
"179","Kero Kero Bonito",302323,61,2,"escape room","hyperpop","japanese electropop",NA,NA,NA,NA,NA,NA,NA,"6OqhFYFJDnBBHas02HopPT"
"180","Kyary Pamyu Pamyu",343907,55,2,"j-idol","japanese electropop",NA,NA,NA,NA,NA,NA,NA,NA,"7Gh6fW49xfXLP8DTWaLVJP"
"181","Larry Heard",35449,40,2,"acid house","chicago house","deep house","deep soul house","float house","microhouse","outsider house","techno",NA,NA,"3j7teie3p6UnbA8nW51Trz"
"182","Lexie Liu",57247,68,2,"chinese electropop",NA,NA,NA,NA,NA,NA,NA,NA,NA,"6fs2or0cKLEM2xohWq8SoX"
"183","miss A",593298,54,2,"k-pop","k-pop girl group",NA,NA,NA,NA,NA,NA,NA,NA,"1BEohdSWSBggmO979tzRwW"
"184","Mizuki Ohira",19788,37,2,"japanese r&b",NA,NA,NA,NA,NA,NA,NA,NA,NA,"5rNUVqgzCi4FX47RY8n9cx"
"185","MOMOLAND",2161424,62,2,"k-pop","k-pop girl group",NA,NA,NA,NA,NA,NA,NA,NA,"5RR0MLwcjc87wjSw2JYdwx"
"186","Mos Def",990531,68,2,"alternative hip hop","conscious hip hop","east coast hip hop","gangster rap","hardcore hip hop","hip hop","rap","southern hip hop",NA,NA,"0Mz5XE0kb1GBnbLQm2VbcO"
"187","New Optimism",1286,11,2,"experimental club",NA,NA,NA,NA,NA,NA,NA,NA,NA,"0rqpu1vmEbsn560Ddv1KRT"
"188","ODB",644859,64,2,"alternative hip hop","east coast hip hop","gangster rap","hardcore hip hop","hip hop","rap",NA,NA,NA,NA,"50NoVNy9GU1lCrDV8iGpyu"
"189","PSY",1141071,63,2,"k-pop","k-rap",NA,NA,NA,NA,NA,NA,NA,NA,"2dd5mrQZvg6SmahdgVKDzh"
"190","Pusha T",1883675,73,2,"alternative hip hop","gangster rap","hip hop","pop rap","rap","southern hip hop","trap","underground hip hop","virginia hip hop",NA,"0ONHkAv9pCAFxb0zJwDNTy"
"191","Rick Ross",4530675,82,2,"dirty south rap","gangster rap","hip hop","pop rap","rap","southern hip hop","trap",NA,NA,NA,"1sBkRIssrMs1AbVkOJbc7a"
"192","Rosy",4810,26,2,NA,NA,NA,NA,NA,NA,NA,NA,NA,NA,"2wMzCCeiXSV9NFSzGzwVyv"
"193","Santana",1865861,73,2,"blues rock","classic rock","mexican classic rock","rock",NA,NA,NA,NA,NA,NA,"6GI52t8N5F02MxU0g5U69P"
"194","ScHoolboy Q",3492214,78,2,"gangster rap","hip hop","pop rap","rap","southern hip hop","trap","underground hip hop",NA,NA,NA,"5IcR3N7QB1j6KBL8eImZ8m"
"195","SE SO NEON",49820,47,2,"k-indie","korean city pop","korean indie rock",NA,NA,NA,NA,NA,NA,NA,"07OePkse2fcvU9wlVftNMl"
"196","Shakira",20693708,87,2,"colombian pop","dance pop","latin","latin pop","pop",NA,NA,NA,NA,NA,"0EmeFodog0BfCgMzAIvKQp"
"197","So!YoON!",14305,49,2,"k-indie","korean indie rock",NA,NA,NA,NA,NA,NA,NA,NA,"7H5EC2qaylGun66YeRrVHg"
"198","SOPHIE",188479,55,2,"art pop","dance pop","deconstructed club","electropop","escape room","hyperpop","pop","transpop",NA,NA,"5a2w2tgpLwv26BYJf2qYwu"
"199","STUTS",54307,49,2,"j-rap",NA,NA,NA,NA,NA,NA,NA,NA,NA,"0qC4CNzOUtgdmdVzRqCa1d"
"200","SUMIN",21220,51,2,"k-indie","korean city pop","korean electropop","korean r&b",NA,NA,NA,NA,NA,NA,"0K4MGKGmjtdIE0W3GkGmyU"
"201","Summer Soul",18250,40,2,"k-indie","korean electropop","korean r&b",NA,NA,NA,NA,NA,NA,NA,"6ZDL9IVLcZPApjoBdajrao"
"202","T-Pain",3056177,81,2,"dance pop","hip hop","pop","pop rap","r&b","rap","southern hip hop","trap","urban contemporary",NA,"3aQeKQSyrW4qWr35idm0cy"
"203","Tame Impala",4577950,83,2,"australian psych","neo-psychedelic",NA,NA,NA,NA,NA,NA,NA,NA,"5INjqkS1o8h1imAzPqGZBb"
"204","TCY FORCE",1809,32,2,"japanese electropop",NA,NA,NA,NA,NA,NA,NA,NA,NA,"1ze8z08s9wniPnN6WI2sHe"
"205","Tech N9ne Collabos",316550,57,2,"country rap","kansas city hip hop","rap rock",NA,NA,NA,NA,NA,NA,NA,"4UOlRVifrFdQHW9qu5ep8t"
"206","The Geek x Vrv",36433,48,2,"chillhop","new french touch",NA,NA,NA,NA,NA,NA,NA,NA,"4JhjlqgMbd4RlrT81VoTIF"
"207","The Quiett",55337,52,2,"k-rap","korean r&b","korean trap",NA,NA,NA,NA,NA,NA,NA,"2qI1pO64eYqGUiv1XTw4cy"
"208","The Weeknd",27914963,96,2,"canadian contemporary r&b","canadian pop","pop",NA,NA,NA,NA,NA,NA,NA,"1Xyo4u8uXC1ZmMpatF05PJ"
"209","Travis Barker",273145,77,2,"rap rock",NA,NA,NA,NA,NA,NA,NA,NA,NA,"4exLIFE8sISLr28sqG1qNX"
"210","Ty Dolla $ign",3642125,89,2,"pop","pop rap","r&b","southern hip hop","trap","trap soul",NA,NA,NA,NA,"7c0XG5cIJTrrAgEC3ULPiq"
"211","uju",2319,22,2,"korean city pop","korean electropop",NA,NA,NA,NA,NA,NA,NA,NA,"6g2HsIivvQ7UGirVhksd92"
"212","Vince Staples",1254938,72,2,"conscious hip hop","escape room","hip hop","rap","underground hip hop",NA,NA,NA,NA,NA,"68kEuyFKyqrdQQLLsmiatm"
"213","Xin Seha",1714,15,2,"k-indie",NA,NA,NA,NA,NA,NA,NA,NA,NA,"4kuTWggHz7FWxKVh3hdqA5"
"214","Yerin Baek",200111,64,2,"k-indie","k-pop","korean pop",NA,NA,NA,NA,NA,NA,NA,"6dhfy4ByARPJdPtMyrUYJK"
"215","Zion.T",402607,61,2,"k-indie","k-pop","k-rap","korean pop","korean r&b",NA,NA,NA,NA,NA,"5HenzRvMtSrgtvU16XAoby"
"216","<U+1781><U+17C1><U+1784> <U+178C><U+17B8><U+1799><U+17C9><U+17C1><U+200B>",4,0,1,NA,NA,NA,NA,NA,NA,NA,NA,NA,NA,"5h2lq2sfNkZXYQa52uFf3C"
"217","<U+179A><U+179F><U+17CB> <U+179F><U+17C1><U+179A><U+17B8><U+179F><U+17BB><U+1791><U+17D2><U+1792><U+17B6>",375,2,1,NA,NA,NA,NA,NA,NA,NA,NA,NA,NA,"2imuveF0NJ0LxagaolBV4j"
"218","<U+30CD><U+30AF><U+30E9><U+30A4><U+30C8><U+30FC><U+30AD><U+30FC>",53223,46,1,"japanese alternative rock",NA,NA,NA,NA,NA,NA,NA,NA,NA,"45ew0KWgCA7evVgCydrZws"
"219","<U+5C71><U+7530><U+5C06><U+53F8>",11,18,1,NA,NA,NA,NA,NA,NA,NA,NA,NA,NA,"2UFVsu869tRKjklqkM9Uto"
"220","<U+6C11><U+8B21><U+30AF><U+30EB><U+30BB><U+30A4><U+30C0><U+30FC><U+30BA>",34,6,1,NA,NA,NA,NA,NA,NA,NA,NA,NA,NA,"3uiPsc4PufUpYHoxnOlMyE"
"221","<U+79CB><U+5143><U+85AB>",11481,49,1,"classic city pop",NA,NA,NA,NA,NA,NA,NA,NA,NA,"4LUn6its1opwPzxJC1RM72"
"222","<U+7B20><U+4E95> <U+7D00><U+7F8E><U+5B50>",1919,30,1,"classic japanese jazz","japanese vocal jazz",NA,NA,NA,NA,NA,NA,NA,NA,"4UgoOhsP6AlN1SIkFRBCit"
"223","<U+BC15><U+D61C><U+C9C4> Park Hye Jin",50120,52,1,"korean dream pop",NA,NA,NA,NA,NA,NA,NA,NA,NA,"6niigcazB2JPcpasZfZvq1"
"224","<U+D604><U+C131><U+BBFC>",420,10,1,"korean city pop",NA,NA,NA,NA,NA,NA,NA,NA,NA,"47kUNrAocpuIOvyRHpfwxB"
"225","015B",14062,44,1,"k-indie","korean electropop","korean pop",NA,NA,NA,NA,NA,NA,NA,"4uU7KfTjcjyKUGWSaTzLu7"
"226","03 Greedo",243630,68,1,"cali rap","melodic rap","trap","underground hip hop","vapor trap",NA,NA,NA,NA,NA,"0FtsMKmZEq8fBWqdSOWtqp"
"227","1 Young Micah",1623,28,1,NA,NA,NA,NA,NA,NA,NA,NA,NA,NA,"2fixd2SK0VpJfHW0SUWFY9"
"228","187",228,1,1,NA,NA,NA,NA,NA,NA,NA,NA,NA,NA,"6pPXsk0pYVptgNUe3AYbyC"
"229","3 Mill Rod",302,28,1,NA,NA,NA,NA,NA,NA,NA,NA,NA,NA,"37BsV1JuDDXMnxpzO0aSMq"
"230","4Minute",858372,54,1,"k-pop","k-pop girl group",NA,NA,NA,NA,NA,NA,NA,NA,"6cdC1cwqh3eJAXaxXJt2jv"
"231","88rising",623036,72,1,"asian american hip hop","pop",NA,NA,NA,NA,NA,NA,NA,NA,"1AhjOkOLkbHUfcHDSErXQs"
"232","AAAMYYY",30613,51,1,"japanese alternative rock","japanese electropop","japanese r&b",NA,NA,NA,NA,NA,NA,NA,"5YCsKCBbhMHBKBh2MllF5d"
"233","Ab-Soul",760737,64,1,"alternative hip hop","conscious hip hop","hip hop","rap","southern hip hop","underground hip hop",NA,NA,NA,NA,"0g9vAlRPK9Gt3FKCekk4TW"
"234","Ace",72,32,1,"eurobeat",NA,NA,NA,NA,NA,NA,NA,NA,NA,"3ex1w9F7Bx8X69biVeMVLJ"
"235","Agents Of Time",32174,41,1,"italian techno",NA,NA,NA,NA,NA,NA,NA,NA,NA,"6Jbyd4qzEtbFtswZP1o6Ht"
"236","Aimee B",154,33,1,NA,NA,NA,NA,NA,NA,NA,NA,NA,NA,"1uLk7jpNDdq7qhs5MSqjAS"
"237","AiNA THE END",19041,42,1,NA,NA,NA,NA,NA,NA,NA,NA,NA,NA,"5k7KS34gxQbzdQaXWSOVKC"
"238","Alberto",12256,58,1,"polish hip hop",NA,NA,NA,NA,NA,NA,NA,NA,NA,"79b4a4Bg30Y0RlO5de5jni"
"239","Alfred Beach Sandal",9395,28,1,"japanese soul",NA,NA,NA,NA,NA,NA,NA,NA,NA,"1H2KvPR75UUpoQpRcnvn1I"
"240","Alton Ellis",78183,54,1,"dub","lovers rock","reggae","rock steady","roots reggae","ska",NA,NA,NA,NA,"5pryfFgCrWJ41UHaENJPyi"
"241","André 3000",177946,63,1,"atl hip hop","dirty south rap","southern hip hop",NA,NA,NA,NA,NA,NA,NA,"74V3dE1a51skRkdII8y2C6"
"242","Anthony Jackson",3755,39,1,"electric bass",NA,NA,NA,NA,NA,NA,NA,NA,NA,"4jSvNq6yedPhkC4p3zlznC"
"243","Anuel AA",16021115,92,1,"latin","reggaeton","reggaeton flow","trap boricua","trap latino",NA,NA,NA,NA,NA,"2R21vXR83lH98kGeO99Y66"
"244","Apathy",66282,52,1,"alternative hip hop","hardcore hip hop","underground rap",NA,NA,NA,NA,NA,NA,NA,"6fK2hnSgfRPxR6sL975XQS"
"245","Apink",834963,61,1,"k-pop","k-pop girl group","korean pop",NA,NA,NA,NA,NA,NA,NA,"2uWcrwgWmZcQc3IPBs3tfU"
"246","Apollo Brown",102301,53,1,"alternative hip hop","boom bap","hip hop","underground hip hop",NA,NA,NA,NA,NA,NA,"151BUVKmiB9rHDjIkgbeVE"
"247","ASH ISLAND",38719,54,1,"k-rap",NA,NA,NA,NA,NA,NA,NA,NA,NA,"7IEhlwWQA7pCkEvzwwHehE"
"248","Ashley Sorrell",1054,41,1,NA,NA,NA,NA,NA,NA,NA,NA,NA,NA,"6ulmSYBgzPCuFauJ0x7ulP"
"249","Asuka Saito",728,26,1,NA,NA,NA,NA,NA,NA,NA,NA,NA,NA,"0dmbPPUSyliresuzqpQn6g"
"250","Audio Push",37882,44,1,"deep underground hip hop","pop rap","underground hip hop",NA,NA,NA,NA,NA,NA,NA,"3oHjuEyaFp7MddhOXddXbx"
"251","AUGUST 08",24610,61,1,"la pop","r&b",NA,NA,NA,NA,NA,NA,NA,NA,"2iB8eFB6flwQculkUrRssi"
"252","Augustus Pablo",63479,49,1,"dub","reggae","rock steady","roots reggae","ska",NA,NA,NA,NA,NA,"5WwEQwX3ruZofwDDqtOXwI"
"253","Ayano Kaneko",62429,50,1,"j-indie","j-rock","japanese alternative rock","japanese indie pop","japanese indie rock",NA,NA,NA,NA,NA,"4XKIIegkRbSJft0PmMv9NB"
"254","Ayumi Hamasaki",519550,59,1,"classic j-pop","eurobeat","j-pop",NA,NA,NA,NA,NA,NA,NA,"3Mvc8kRgr8LRYYgvFmlZqn"
"255","B-Real",63075,58,1,"chicano rap","west coast rap",NA,NA,NA,NA,NA,NA,NA,NA,"2LiWxiQzuD9nmWQ6NCA8Gd"
"256","BABYMETAL",790552,68,1,"comic metal","idol rock","j-metal","kawaii metal",NA,NA,NA,NA,NA,NA,"630wzNP2OL7fl4Xl0GnMWq"
"257","Bananarama",475682,60,1,"dance pop","dance rock","disco","europop","girl group","hi-nrg","new romantic","new wave","new wave pop","soft rock","3sc7iUG1Wwpwx7bHeZolgx"
"258","Bantu",18061,54,1,"zimdancehall",NA,NA,NA,NA,NA,NA,NA,NA,NA,"6tt0iYnpHERj05WATWRiom"
"259","Barney Bones",644,41,1,NA,NA,NA,NA,NA,NA,NA,NA,NA,NA,"7rzyYETlkvNEdxdtSUXXTV"
"260","Barrington Levy",170022,59,1,"dub","lovers rock","modern reggae","reggae","reggae fusion","roots reggae",NA,NA,NA,NA,"5mMuiFhh7faS7qxnTLRA6u"
"261","Bassagong",1924,37,1,"k-rap","korean indie rock",NA,NA,NA,NA,NA,NA,NA,NA,"7j1lNIjZY1E1drWIgJloMs"
"262","Beckett",2969,30,1,NA,NA,NA,NA,NA,NA,NA,NA,NA,NA,"3ExQw9JJ83HH1JD1RguiV2"
"263","Beenzino",94406,50,1,"k-indie","k-rap","korean pop","korean r&b",NA,NA,NA,NA,NA,NA,"7IrDIIq3j04exsiF3Z7CPg"
"264","BehindtheMoon",1175,21,1,"korean city pop",NA,NA,NA,NA,NA,NA,NA,NA,NA,"4BHjuxRl1cKElPbo12BODO"
"265","Biesmans",1891,29,1,NA,NA,NA,NA,NA,NA,NA,NA,NA,NA,"1RR1AtX6SAujecwlLacHRz"
"266","Big-O",34,14,1,NA,NA,NA,NA,NA,NA,NA,NA,NA,NA,"3mcLH1WbfyUCNIVSVwGkrX"
"267","Big Gigantic",216183,62,1,"edm","electronic trap","electropop","vapor twitch",NA,NA,NA,NA,NA,NA,"7o7mC95EDbJKTcPAAs8C3r"
"268","Big Scoob",70737,47,1,"country rap","kansas city hip hop","rap rock",NA,NA,NA,NA,NA,NA,NA,"1PnsxAfjwnxNODAaKTu8VO"
"269","bird",30603,35,1,"japanese jazztronica",NA,NA,NA,NA,NA,NA,NA,NA,NA,"4UYTq2L0l4zfsUKe8BqeNs"
"270","Bizarre",245,26,1,NA,NA,NA,NA,NA,NA,NA,NA,NA,NA,"7CsMBY0plDn7za12JXMlMg"
"271","Black Caviar",33434,63,1,"electro house",NA,NA,NA,NA,NA,NA,NA,NA,NA,"1wqW0IQWC7V7jktcjVHID6"
"272","Black Knights",2735,22,1,"wu fam",NA,NA,NA,NA,NA,NA,NA,NA,NA,"0AF5FJR5VgrhPw6qcLkEBA"
"273","Black Thought",128266,62,1,"alternative hip hop","boom bap","east coast hip hop","hardcore hip hop","hip hop","southern hip hop",NA,NA,NA,NA,"6DJEUXZm0e2rAohdoZ5Voo"
"274","Blackway",14092,61,1,"nyc rap",NA,NA,NA,NA,NA,NA,NA,NA,NA,"1QvK8bFc2WREH4LDlJcJbi"
"275","BlocBoy JB",1225700,68,1,"pop rap","rap","southern hip hop","tennessee hip hop","trap","vapor trap",NA,NA,NA,NA,"4TEJudQY2pXxVHPE3gD2EU"
"276","Blu-Swing",8869,39,1,"ambeat","japanese jazz fusion","japanese jazztronica","japanese vocal jazz",NA,NA,NA,NA,NA,NA,"3dKCIyXK94LWUnyvD8LepD"
"277","BluePrint",674,28,1,NA,NA,NA,NA,NA,NA,NA,NA,NA,NA,"0oV5K4BDmoENgjwB8lvDmT"
"278","bo en",84655,56,1,"experimental pop","glitchcore",NA,NA,NA,NA,NA,NA,NA,NA,"1EotkJocwHvhFOAsoOj1jJ"
"279","BOBBY",527978,56,1,"k-pop",NA,NA,NA,NA,NA,NA,NA,NA,NA,"7ieMQQDR0bdBPz572mtxwS"
"280","BREIMEN",5566,30,1,"japanese soul",NA,NA,NA,NA,NA,NA,NA,NA,NA,"3SasVdv6zvCEY29rst8PBU"
"281","Brown Eyed Girls",175385,47,1,"k-pop","k-pop girl group","korean pop",NA,NA,NA,NA,NA,NA,NA,"2GEPtT5RDxrmdi0A4mbDi7"
"282","Busta Rhymes",1694648,76,1,"east coast hip hop","hardcore hip hop","hip hop","pop rap","rap",NA,NA,NA,NA,NA,"1YfEcTuGvBQ8xSD1f53UnK"
"283","Camila Cabello",19662440,86,1,"dance pop","electropop","pop","pop dance","post-teen pop",NA,NA,NA,NA,NA,"4nDoRrQiYLoBzwC5BhVJzF"
"284","Camu Tao",5988,19,1,"abstract hip hop","ohio hip hop",NA,NA,NA,NA,NA,NA,NA,NA,"202U8PxsU6OaYwOfJCR5ZD"
"285","Car",63,25,1,NA,NA,NA,NA,NA,NA,NA,NA,NA,NA,"4IwZDPPzFIVVN2DSVudIZO"
"286","Casker",11060,30,1,"k-indie","korean electropop",NA,NA,NA,NA,NA,NA,NA,NA,"0nHPlnFkwhTmnfda7ho0E5"
"287","Catz 'n Dogz",32674,46,1,"deep disco house","german techno","house","minimal tech house","minimal techno","tech house",NA,NA,NA,NA,"5tYqFEuFELxnJZgGmmsfSh"
"288","CES Cru",109491,48,1,"kansas city hip hop",NA,NA,NA,NA,NA,NA,NA,NA,NA,"7jNpkZ55HFuYxJo6q1qawG"
"289","CHANGMO",104026,63,1,"k-rap","korean pop","korean r&b",NA,NA,NA,NA,NA,NA,NA,"3hvinNZRzTLoREmqFiKr1b"
"290","CHANMINA",271135,61,1,"j-pop","j-rap",NA,NA,NA,NA,NA,NA,NA,NA,"2vjeuQwzSP5ErC1S41gONX"
"291","Charisma.com",20305,33,1,"japanese electropop",NA,NA,NA,NA,NA,NA,NA,NA,NA,"5plo5UwgrFliohBttLzqRr"
"292","chelmico",100558,52,1,"j-rap","japanese alternative rock",NA,NA,NA,NA,NA,NA,NA,NA,"6sAONleCsmAyP87OHsVAPV"
"293","Childish Gambino",7358400,80,1,"atl hip hop","hip hop","pop rap","rap",NA,NA,NA,NA,NA,NA,"73sIBHcqh3Z3NyqHKZ7FOL"
"294","Chip$",12,18,1,NA,NA,NA,NA,NA,NA,NA,NA,NA,NA,"3zP3PBJ5SVfBuYWnzheUHu"
"295","Chris Martin",26391,48,1,NA,NA,NA,NA,NA,NA,NA,NA,NA,NA,"0LQoZQIV0mIs0y0XQb0Sw2"
"296","CHUNG HA",1261236,70,1,"k-pop",NA,NA,NA,NA,NA,NA,NA,NA,NA,"2PSJ6YriU7JsFucxACpU7Y"
"297","CIFIKA",13416,37,1,"k-indie","korean electropop",NA,NA,NA,NA,NA,NA,NA,NA,"0OK6Xs5X1kHs07y68n65CQ"
"298","City Your City",8087,25,1,"city pop",NA,NA,NA,NA,NA,NA,NA,NA,NA,"3mZeppCdJVIyGd0yUZsliA"
"299","Clio",2872,31,1,"italian disco",NA,NA,NA,NA,NA,NA,NA,NA,NA,"6YUx1iZjYtiwbDjQLULIHf"
"300","Cö Shu Nie",155460,61,1,"anime","anime score","j-pixie","j-poprock","otacore",NA,NA,NA,NA,NA,"0LlH6J1tj2TPq7AlwXAkY5"
"301","CoCo",5458,29,1,NA,NA,NA,NA,NA,NA,NA,NA,NA,NA,"6vYKg6TrNVzyWYEcy9vCo0"
"302","Colby O'Donis",104094,69,1,"pop rap","urban contemporary",NA,NA,NA,NA,NA,NA,NA,NA,"7fObcBw9VM3x7ntWKCYl0z"
"303","ConsciousThoughts",4200,37,1,"future funk",NA,NA,NA,NA,NA,NA,NA,NA,NA,"7nNml7OiJoyXojuihNAmDu"
"304","Coogie",64799,55,1,"k-rap",NA,NA,NA,NA,NA,NA,NA,NA,NA,"0IznZPMUyaPGdqfP4oqBja"
"305","Cordae",1332507,73,1,"dmv rap","hip hop","pop rap","rap","trap","underground hip hop","vapor trap",NA,NA,NA,"0huGjMyP507tBCARyzSkrv"
"306","Cosmic Boy",14231,45,1,"k-indie","k-rap","korean r&b",NA,NA,NA,NA,NA,NA,NA,"305pg6Bs6Mz9Tm2zK66psY"
"307","Crayon Pop",115182,39,1,"k-pop","k-pop girl group",NA,NA,NA,NA,NA,NA,NA,NA,"0ODX6aegsZkBmBeMA5qqwi"
"308","Creepy Nuts",184543,60,1,"j-pop","j-rock",NA,NA,NA,NA,NA,NA,NA,NA,"0pWR7TsFhvSCnbmHDjWgrE"
"309","CTC",236,21,1,NA,NA,NA,NA,NA,NA,NA,NA,NA,NA,"1vPHqjdwnm6ZSnILroMcjg"
"310","CY8ER",22850,42,1,"alt-idol","denpa-kei","idol rock",NA,NA,NA,NA,NA,NA,NA,"0Pn9eKty96tdakwQBYPWu7"
"311","CyHi The Prynce",155113,55,1,"atl hip hop","southern hip hop","trap",NA,NA,NA,NA,NA,NA,NA,"18HVMQsV3tINaTyzT5UIjH"
"312","Danny Brown",1112,32,1,NA,NA,NA,NA,NA,NA,NA,NA,NA,NA,"6pJkhyn8MedLRRl9qZVkWL"
"313","DEAN",954081,67,1,"k-pop","korean r&b",NA,NA,NA,NA,NA,NA,NA,NA,"3eCd0TZrBPm2n9cDG6yWfF"
"314","Denaun",195,55,1,NA,NA,NA,NA,NA,NA,NA,NA,NA,NA,"1WjexdTcXHgvlVIPCE8D1Q"
"315","Denzel Curry",1490644,76,1,"dark trap","drill","hip hop","miami hip hop","rap","trap","underground hip hop",NA,NA,NA,"6fxyWrfmjcbj5d12gXeiNV"
"316","Despot",6181,35,1,NA,NA,NA,NA,NA,NA,NA,NA,NA,NA,"53biWpwSE0neKmFFdmpGd1"
"317","DEV",237370,65,1,"dance pop","electropop","pop dance","post-teen pop",NA,NA,NA,NA,NA,NA,"7Ip2u3e5Nv6fFb5xyIHxEE"
"318","Dexter Wiggles",138,19,1,NA,NA,NA,NA,NA,NA,NA,NA,NA,NA,"0e2dqBGhzJNJQeAjBeZEJp"
"319","DIA",126366,44,1,"k-pop","k-pop girl group",NA,NA,NA,NA,NA,NA,NA,NA,"5Pcx98OUnL52aGZRRQx5v8"
"320","Dio",1556407,64,1,"album rock","classic rock","glam metal","hard rock","metal","power metal","rock",NA,NA,NA,"4CYeVo5iZbtYGBN4Isc3n6"
"321","DJ Crokey",2,0,1,NA,NA,NA,NA,NA,NA,NA,NA,NA,NA,"21pkHUisQKjMbMLWMemkPM"
"322","DJ Djanga",16,9,1,NA,NA,NA,NA,NA,NA,NA,NA,NA,NA,"2P2h9aJBely4CLnOpzSE6r"
"323","DJ Khalil",4258,53,1,NA,NA,NA,NA,NA,NA,NA,NA,NA,NA,"7zfaArteqSs8YgCCmPrDK4"
"324","DJLW",44,21,1,NA,NA,NA,NA,NA,NA,NA,NA,NA,NA,"7gbbc1jj3M8CgZ0orsQ8vb"
"325","DMX",2348107,73,1,"east coast hip hop","gangster rap","hardcore hip hop","hip hop","pop rap","rap","southern hip hop",NA,NA,NA,"1HwM5zlC5qNWhJtM00yXzG"
"326","Doildosi",0,3,1,NA,NA,NA,NA,NA,NA,NA,NA,NA,NA,"5Amy6cnYJA3kneVZqSTHlX"
"327","Doja Cat",4988800,89,1,"dance pop","pop",NA,NA,NA,NA,NA,NA,NA,NA,"5cj0lLjcoR7YOSnhnX0Po5"
"328","Dolly Parton",1326283,78,1,"classic country pop","country","country dawn",NA,NA,NA,NA,NA,NA,NA,"32vWCbZh0xZ4o9gkz4PsEU"
"329","Don Mills",3433,37,1,"k-rap",NA,NA,NA,NA,NA,NA,NA,NA,NA,"6bIsFWNkjQvSm5P4rqlxKn"
"330","Donutman",4379,34,1,"k-rap",NA,NA,NA,NA,NA,NA,NA,NA,NA,"2xH4dYFMVhdOGIhgIWonbc"
"331","dosii",14019,43,1,"k-indie","korean city pop",NA,NA,NA,NA,NA,NA,NA,NA,"41lcf5k3PkUdxupYLkcjCd"
"332","Dr. Dre",5391885,82,1,"g funk","gangster rap","hip hop","rap","west coast rap",NA,NA,NA,NA,NA,"6DPYiyq5kWVQS4RGwxzPC7"
"333","Drakeo the Ruler",138470,63,1,"cali rap","west coast trap",NA,NA,NA,NA,NA,NA,NA,NA,"0p4ViyfJUTW0IT4SCBLexf"
"334","Duckwrth",234217,68,1,"alternative r&b","indie r&b","underground hip hop",NA,NA,NA,NA,NA,NA,NA,"6I3MElirhT5t6Kf7p0hGk9"
"335","Earl Sweatshirt",1375613,70,1,"alternative hip hop","escape room","experimental hip hop","hip hop","rap","underground hip hop",NA,NA,NA,NA,"3A5tHz1SfngyOZM2gItYKu"
"336","East Frog",244,21,1,NA,NA,NA,NA,NA,NA,NA,NA,NA,NA,"1NBzQYaVKtFWXdf8dmQ4Xg"
"337","Eco Yard",252,10,1,NA,NA,NA,NA,NA,NA,NA,NA,NA,NA,"1F7qPkpPDxKhPjMOh5O7zL"
"338","Ed Sheeran",75151360,93,1,"pop","uk pop",NA,NA,NA,NA,NA,NA,NA,NA,"6eUKZXaKkcviH0Ku9w2n3V"
"339","Eek-A-Mouse",169312,52,1,"dub","reggae","roots reggae",NA,NA,NA,NA,NA,NA,NA,"6xqlgBccdlxUh5DeJSx2ho"
"340","Elle Teresa",13613,44,1,"j-rap",NA,NA,NA,NA,NA,NA,NA,NA,NA,"3eP3EbQEnina3kh1UTNvbj"
"341","Enjoy Music Club",23969,32,1,"j-indie","japanese alternative rock",NA,NA,NA,NA,NA,NA,NA,NA,"30TUV9gTBJ8ffWRMe3O2J0"
"342","Erika Nishi",1607,27,1,"japanese alternative pop",NA,NA,NA,NA,NA,NA,NA,NA,NA,"7J7NV5RglXhb1GoGj0sS1R"
"343","Estelle",210255,70,1,"neo soul","r&b",NA,NA,NA,NA,NA,NA,NA,NA,"5T0MSzX9RC5NA6gAI6irSn"
"344","Eve",815988,68,1,"dance pop","hip hop","hip pop","philly rap","pop rap","r&b","rap","urban contemporary",NA,NA,"4d3yvTptO48nOYTPBcPFZC"
"345","EVERGLOW",761354,69,1,"k-pop","k-pop girl group",NA,NA,NA,NA,NA,NA,NA,NA,"3ZZzT0naD25RhY2uZvIKkJ"
"346","Evidence",166,15,1,NA,NA,NA,NA,NA,NA,NA,NA,NA,NA,"6CJjWGU8Ea7w333EwmBuxi"
"347","Excision",559182,65,1,"brostep","canadian electronic","edm","electro house","electronic trap",NA,NA,NA,NA,NA,"5FKchcZpQOkqFvXBj1aCvb"
"348","Fabienne Debarre",56,23,1,NA,NA,NA,NA,NA,NA,NA,NA,NA,NA,"08cjELphN95ioHJdYNLWVX"
"349","Fatman Scoop",31885,62,1,"nyc rap",NA,NA,NA,NA,NA,NA,NA,NA,NA,"15GGbJKqC6w0VYyAJtjej6"
"350","FEMM",19324,37,1,"j-pop girl group","japanese electropop",NA,NA,NA,NA,NA,NA,NA,NA,"2Mi7J9LAIe6xEzObKt6JHq"
"351","Fin.K.L",11581,35,1,"k-pop girl group","korean pop",NA,NA,NA,NA,NA,NA,NA,NA,"2aRLyjYp7WPr4EkjkI1gvS"
"352","Flamingosis",117762,55,1,"chillhop","future funk",NA,NA,NA,NA,NA,NA,NA,NA,"75cW8FFekyCjj0mfZM1Gfb"
"353","Flo Rida",7908335,81,1,"dance pop","miami hip hop","pop","pop dance","pop rap",NA,NA,NA,NA,NA,"0jnsk9HBra6NMjO2oANoPY"
"354","Fort Romeau",29698,44,1,"deep house","electronica","float house","microhouse","outsider house",NA,NA,NA,NA,NA,"5MKqWyqq5CStK7AhkTvzQF"
"355","Freeway",183623,53,1,"alternative hip hop","battle rap","gangster rap","hardcore hip hop","hip hop","philly rap","rap","southern hip hop",NA,NA,"2Jwr7hGoSNK3S3QBxh3T0z"
"356","Friday Night Plans",51967,53,1,"city pop","japanese r&b",NA,NA,NA,NA,NA,NA,NA,NA,"71YfYiTx6KAZFJfKaNYueQ"
"357","Future",9782300,91,1,"atl hip hop","pop rap","rap","southern hip hop","trap",NA,NA,NA,NA,NA,"1RyvyyTE3xzB2ZywiAwp0i"
"358","G-Mo Skee",16984,38,1,NA,NA,NA,NA,NA,NA,NA,NA,NA,NA,"1lzI1n7isejxFyXsmO17si"
"359","G-Unit",1377582,64,1,"gangster rap","hardcore hip hop","hip hop","pop rap","queens hip hop","rap","southern hip hop","trap",NA,NA,"6evKD5JWJON3qPBJtUEmtY"
"360","Gaeko",55444,58,1,"k-rap","korean r&b",NA,NA,NA,NA,NA,NA,NA,NA,"0tkHE1pQ5ZCgQb8WZ0ba79"
"361","Gang Starr",644326,66,1,"alternative hip hop","conscious hip hop","east coast hip hop","gangster rap","hardcore hip hop","hip hop","rap",NA,NA,NA,"5cMgGlA1xGyeAB2ctYlRdZ"
"362","GARNiDELiA",201561,53,1,"anime","anime rock","j-pixie","otacore",NA,NA,NA,NA,NA,NA,"7MIbdLkqD1qQE35LSISIM6"
"363","GAZIROVKA",39479,52,1,"russian dance",NA,NA,NA,NA,NA,NA,NA,NA,NA,"0PkPqQe8TU96Z8VVXCrZ71"
"364","GD X TAEYANG",280397,49,1,"k-pop boy group",NA,NA,NA,NA,NA,NA,NA,NA,NA,"3HJVw8aEtFqoc3raJVE8am"
"365","George Clinton",304853,58,1,"funk","p funk","soul",NA,NA,NA,NA,NA,NA,NA,"2GVBp7QyHckoOg7rYkLvrA"
"366","Gerd Janson",17612,46,1,"frankfurt electronic","german house",NA,NA,NA,NA,NA,NA,NA,NA,"4jLpm91Tyk2TRgv43bMfZO"
"367","Gizzle",5089,47,1,NA,NA,NA,NA,NA,NA,NA,NA,NA,NA,"0xukYGKRRwBWS1N9sfCQoq"
"368","Grandmaster Flash",197937,49,1,"bronx hip hop","conscious hip hop","east coast hip hop","electro","hip hop","hip house","old school hip hop","rap","turntablism",NA,"1JfnADNz5yYEq3hrzlZHLk"
"369","Gregory Isaacs",364114,59,1,"dub","lovers rock","reggae","roots reggae",NA,NA,NA,NA,NA,NA,"6QHu71f8LLeT8n0GzfbYFc"
"370","Grimes",1283689,74,1,"art pop","canadian electropop","chillwave","dance pop","electropop","escape room","grave wave","hyperpop","indietronica","metropopolis","053q0ukIDRgzwTr4vNSwab"
"371","Grizzly",6035,36,1,"k-indie","korean r&b",NA,NA,NA,NA,NA,NA,NA,NA,"5Egus6b1x9pYOnqsG7y1f4"
"372","Guapdad 4000",67709,66,1,"cali rap","oakland hip hop","scam rap","trap soul","underground hip hop","vapor trap",NA,NA,NA,NA,"0NcPKaSNIHAM2RfioH9vMT"
"373","Half Mile Beach Club",1093,12,1,NA,NA,NA,NA,NA,NA,NA,NA,NA,NA,"7B6BN3NuLRQHD9QMENwB8e"
"374","Halley Stella",0,0,1,NA,NA,NA,NA,NA,NA,NA,NA,NA,NA,"7oedM6uZILjuXEMtDkDLzR"
"375","Halsey",13573132,89,1,"dance pop","electropop","etherpop","indie poptimism","pop","pop dance","post-teen pop",NA,NA,NA,"26VFTg2z8YR0cCuwLzESi2"
"376","Han Yo Han",13954,44,1,"k-rap",NA,NA,NA,NA,NA,NA,NA,NA,NA,"0yHrFzi7dWriMWhB5XA99P"
"377","HARRY HOSONO & THE WORLD SHYNESS",1597,12,1,NA,NA,NA,NA,NA,NA,NA,NA,NA,NA,"6VEndVXAbDVjfCg4AgNRpk"
"378","Hauzee",212,25,1,NA,NA,NA,NA,NA,NA,NA,NA,NA,NA,"6TmxcVLd8y6Tya65wIEvrb"
"379","Herbie Hancock",481943,62,1,"bebop","contemporary post-bop","cool jazz","funk","instrumental funk","jazz","jazz funk","jazz fusion","jazz piano","soul","2ZvrvbQNrHKwjT7qfGFFUW"
"380","Hikari",83,43,1,NA,NA,NA,NA,NA,NA,NA,NA,NA,NA,"3MTt9WYmlzfy9uULNyxDiw"
"381","Hikari Mitsushima",6330,41,1,NA,NA,NA,NA,NA,NA,NA,NA,NA,NA,"4ZX8Wr8KHHrW7radu6IwYG"
"382","Hiroji Miyamoto",41469,53,1,"j-pop",NA,NA,NA,NA,NA,NA,NA,NA,NA,"37yA8FvkJWnXZXbRg4IQaT"
"383","Hiromi",154074,45,1,"contemporary jazz","japanese jazz","japanese jazz fusion","jazz funk","jazz fusion","modern jazz piano",NA,NA,NA,NA,"7DeuppKQdCVhuWrzzCBBpc"
"384","Hitomi Tohyama",2856,31,1,"classic city pop",NA,NA,NA,NA,NA,NA,NA,NA,NA,"3qccez9ByXrGuPDQaJiy6o"
"385","HITOMITOI",10983,39,1,"city pop",NA,NA,NA,NA,NA,NA,NA,NA,NA,"3Uj4f5PGdIJEhCJkqysb3l"
"386","Hiyadam",9571,38,1,"j-rap","japanese trap",NA,NA,NA,NA,NA,NA,NA,NA,"5akLOzzp3zMfvne1K2tv7e"
"387","Hoody",203356,62,1,"chill r&b","k-indie","k-pop","k-rap","korean pop","korean r&b",NA,NA,NA,NA,"7lXgbtBDcCRbfc5f8FhGUL"
"388","Hoshina Anniversary",130,24,1,NA,NA,NA,NA,NA,NA,NA,NA,NA,NA,"6DuASRDmTMKVZr4kwiots9"
"389","HYOYEON",159237,47,1,"k-pop",NA,NA,NA,NA,NA,NA,NA,NA,NA,"0B3I6YgdnfXehUCpsO6oB8"
"390","HyperJuice",1663,11,1,NA,NA,NA,NA,NA,NA,NA,NA,NA,NA,"4e3TvyemCX7w0FOxoekRek"
"391","I:O:I",11,2,1,NA,NA,NA,NA,NA,NA,NA,NA,NA,NA,"3bfOnJOTLZZp4RyTA1YhcT"
"392","Ichiko Hashimoto",837,19,1,"japanese jazz",NA,NA,NA,NA,NA,NA,NA,NA,NA,"4wTSNilt4EsffHSJrcnwbQ"
"393","in FAM step",736,17,1,NA,NA,NA,NA,NA,NA,NA,NA,NA,NA,"2KUwQdiHrplyJnVeMA3uyu"
"394","Ini Kamoze",87634,58,1,"dub","reggae","reggae fusion","roots reggae",NA,NA,NA,NA,NA,NA,"1VJspRsoC6c0bvqhnSiFCs"
"395","INO hidefumi",10011,34,1,"japanese jazz","japanese jazz fusion","japanese jazztronica","japanese soul","shibuya-kei",NA,NA,NA,NA,NA,"0StJhTOwSFMrgRwDGnnE2S"
"396","Inshow ha",6714,25,1,"j-indie",NA,NA,NA,NA,NA,NA,NA,NA,NA,"6oZfAOrVYegzxjJaaQ0LpA"
"397","iri",212455,59,1,"j-pop","japanese electropop","japanese r&b",NA,NA,NA,NA,NA,NA,NA,"1mN9lPKzTRTOop4u7S1Uy9"
"398","Irion",68,26,1,NA,NA,NA,NA,NA,NA,NA,NA,NA,NA,"2nNmJC52TJSexxyt8C4N42"
"399","Itsue",9005,31,1,"japanese math rock",NA,NA,NA,NA,NA,NA,NA,NA,NA,"4wSJYcOAQb6GbdjCTmYfDT"
"400","j-hope",5061033,68,1,"k-pop","k-rap",NA,NA,NA,NA,NA,NA,NA,NA,"0b1sIQumIAsNbqAoIClSpy"
"401","JackEffect",0,0,1,NA,NA,NA,NA,NA,NA,NA,NA,NA,NA,"42pCxhHIjs7cy7qiPjIdtW"
"402","Jake Strain",306,34,1,NA,NA,NA,NA,NA,NA,NA,NA,NA,NA,"2liN73EoaEZ94CTvL2lXYe"
"403","Jakki",78,3,1,"deep disco",NA,NA,NA,NA,NA,NA,NA,NA,NA,"2luutBtZ1zNOnIR16CnkBZ"
"404","Jamie Foxx",754092,70,1,"dance pop","hip hop","hip pop","neo soul","pop rap","r&b","southern hip hop","urban contemporary",NA,NA,"7LnaAXbDVIL75IVPnndf7w"
"405","Janai",62,38,1,NA,NA,NA,NA,NA,NA,NA,NA,NA,NA,"0x9rtwsyJne349H9TJGDk0"
"406","Janice Quatlane (CV: Nana Mizuki)",269,16,1,NA,NA,NA,NA,NA,NA,NA,NA,NA,NA,"4qmOag8xRJZPN1zujiwLpO"
"407","Jason Derulo",8794933,88,1,"dance pop","pop","pop dance","pop rap","post-teen pop",NA,NA,NA,NA,NA,"07YZf4WDAMNwqr4jfgOZ8y"
"408","Jay Rock",977636,74,1,"conscious hip hop","gangster rap","hip hop","pop rap","rap","southern hip hop","trap","underground hip hop",NA,NA,"28ExwzUQsvgJooOI0X1mr3"
"409","Jeezy",1741317,76,1,"atl hip hop","crunk","dirty south rap","gangster rap","hip hop","pop rap","rap","southern hip hop","trap",NA,"4yBK75WVCQXej1p04GWqxH"
"410","JENNIE",521241,64,1,"k-pop",NA,NA,NA,NA,NA,NA,NA,NA,NA,"250b0Wlc5Vk0CoUsaCY84M"
"411","Jessi",386761,66,1,"k-pop",NA,NA,NA,NA,NA,NA,NA,NA,NA,"64k5e9kV9MdukXjFrR5R37"
"412","Jessie J",8191555,76,1,"dance pop","pop","pop dance","pop rap","post-teen pop",NA,NA,NA,NA,NA,"2gsggkzM5R49q6jpPvazou"
"413","Ji Dam Yook",88,25,1,NA,NA,NA,NA,NA,NA,NA,NA,NA,NA,"0q5mCOaqzgDnmthha6f4W7"
"414","Jimin",1512,27,1,NA,NA,NA,NA,NA,NA,NA,NA,NA,NA,"0JsJlrgqL1MRUEvzpLfXFX"
"415","JINBO the SuperFreak",5949,30,1,"korean r&b",NA,NA,NA,NA,NA,NA,NA,NA,NA,"4PlxqkEk6seCManiTAPTWb"
"416","Joell Ortiz",116104,58,1,"alternative hip hop","battle rap","boom bap","hardcore hip hop",NA,NA,NA,NA,NA,NA,"1q13yHC6Syg5Y8iPLrRnCq"
"417","Joey Tee",73,35,1,NA,NA,NA,NA,NA,NA,NA,NA,NA,NA,"2nvByDK4Fr3N0G5f46bcUI"
"418","Joji",3999210,86,1,"alternative r&b","viral pop",NA,NA,NA,NA,NA,NA,NA,NA,"3MZsBdqDrRTJihTHQrO6Dq"
"419","Jolin Tsai",434208,62,1,"mandopop",NA,NA,NA,NA,NA,NA,NA,NA,NA,"1r9DuPTHiQ7hnRRZ99B8nL"
"420","Jordan Nocturne",667,20,1,NA,NA,NA,NA,NA,NA,NA,NA,NA,NA,"2yXuTkmZAi1D8vXJrRA72W"
"421","Jowonu",228,24,1,NA,NA,NA,NA,NA,NA,NA,NA,NA,NA,"4q6KoLmJbfzmZc0ubbuMsU"
"422","JP THE WAVY",62497,55,1,"j-rap","japanese trap",NA,NA,NA,NA,NA,NA,NA,NA,"0hBYSjDjcAaAuSZcpN8jk9"
"423","JPEGMAFIA",316395,65,1,"alternative hip hop","escape room","experimental hip hop","hip hop","industrial hip hop","rap","underground hip hop",NA,NA,NA,"6yJ6QQ3Y5l0s0tn7b0arrO"
"424","Juice WRLD",15178674,98,1,"chicago rap","melodic rap",NA,NA,NA,NA,NA,NA,NA,NA,"4MCBfE4596Uoi2O4DtmEMz"
"425","Junoflo",55894,46,1,"k-rap",NA,NA,NA,NA,NA,NA,NA,NA,NA,"5ZjBaiZiRUZx4AmlzOOc9R"
"426","Jus2",269865,51,1,"k-pop","k-pop boy group",NA,NA,NA,NA,NA,NA,NA,NA,"1pXX6uuufA0Zrk4Ksuh4nv"
"427","Kaede",4385,33,1,"alt-idol","city pop","shibuya-kei",NA,NA,NA,NA,NA,NA,NA,"0KZ83Y1bF24W54rmvP2qxr"
"428","Kaoru Aizawa",78,18,1,"classic city pop",NA,NA,NA,NA,NA,NA,NA,NA,NA,"4P73471OaZuqdf3aYRd5Fe"
"429","KARA",362936,52,1,"k-pop","k-pop girl group",NA,NA,NA,NA,NA,NA,NA,NA,"7aZ221EQfonNG2lO9Hh192"
"430","Kavka Shishido",12394,34,1,NA,NA,NA,NA,NA,NA,NA,NA,NA,NA,"0dlbyoDrOHqBVQpKdPuUB8"
"431","Keem Hyo-Eun",11948,48,1,"k-rap",NA,NA,NA,NA,NA,NA,NA,NA,NA,"59KuGY6nfY3w39O0qYVA7p"
"432","Keigo Hoashi",2221,50,1,"japanese vgm",NA,NA,NA,NA,NA,NA,NA,NA,NA,"1eY8HYYmdbuZj17eis6sIM"
"433","Kelis",384631,69,1,"dance pop","electropop","hip pop","neo soul","r&b","urban contemporary",NA,NA,NA,NA,"0IF46mUS8NXjgHabxk2MCM"
"434","Kelly Rowland",2525050,71,1,"atl hip hop","dance pop","hip pop","neo soul","pop","pop r&b","pop rap","post-teen pop","r&b","urban contemporary","3AuMNF8rQAKOzjYppFNAoB"
"435","Kid Vishis",6166,30,1,"detroit hip hop",NA,NA,NA,NA,NA,NA,NA,NA,NA,"3J3bqhNAKIJlFosbr0nFY1"
"436","Killer Mike",219139,58,1,"alternative hip hop","atl hip hop","conscious hip hop","escape room","political hip hop","southern hip hop",NA,NA,NA,NA,"2N4EYkIlG1kv25g6Wv8LGI"
"437","KIM HEECHUL",98250,50,1,"korean pop",NA,NA,NA,NA,NA,NA,NA,NA,NA,"7GbN8yzIP7CFK5bNbUi6L3"
"438","Kimparkchella",185,21,1,NA,NA,NA,NA,NA,NA,NA,NA,NA,NA,"0HP1KvUGODkg4yFRMNVQlD"
"439","King Green",4198,50,1,NA,NA,NA,NA,NA,NA,NA,NA,NA,NA,"3jivTPQnC8Vupqc3EFO33c"
"440","Klub Rider",808,37,1,"coverchill",NA,NA,NA,NA,NA,NA,NA,NA,NA,"16qQcoH29BgfLJtFqSPT2f"
"441","KONA",91,5,1,NA,NA,NA,NA,NA,NA,NA,NA,NA,NA,"6E1vNiOCUfC7BmxAvwIYIr"
"442","Kool G Rap",166971,50,1,"alternative hip hop","boom bap","east coast hip hop","gangster rap","hardcore hip hop","hip hop","old school hip hop","queens hip hop","rap",NA,"099tLNCZZvtjC7myKD0mFp"
"443","Kousuke Atari",18058,39,1,"okinawan folk","ryukyu ongaku",NA,NA,NA,NA,NA,NA,NA,NA,"7b8ldacdKpE3AtFaXQu1AG"
"444","Kumi Koda",366822,58,1,"j-pop",NA,NA,NA,NA,NA,NA,NA,NA,NA,"2mGYHril2LuZodRtTX06BC"
"445","La Chat",41020,48,1,"crunk","dirty south rap","gangster rap","memphis hip hop","southern hip hop","trap",NA,NA,NA,NA,"5hDwYJ7KaXEQV2XBeijKNt"
"446","Ladebare",429,20,1,NA,NA,NA,NA,NA,NA,NA,NA,NA,NA,"5AnAdS3TumeVuPszRkY13h"
"447","Lady Saw",112864,53,1,"dancehall","lovers rock","old school dancehall","reggae fusion","soca",NA,NA,NA,NA,NA,"2X1VgNqQOiSbkyel3a9rjK"
"448","Lee Sun Hee",15764,41,1,"classic korean pop","korean pop",NA,NA,NA,NA,NA,NA,NA,NA,"4ZQVfuvon3XnGYkjTSey1O"
"449","Lil Icy",70,0,1,NA,NA,NA,NA,NA,NA,NA,NA,NA,NA,"4VWS9ItCwbl1pMMfg7pARp"
"450","Lil Pump",7443357,75,1,"emo rap","miami hip hop","rap","trap","vapor trap",NA,NA,NA,NA,NA,"3wyVrVrFCkukjdVIdirGVY"
"451","Lily Allen",1653963,72,1,"dance pop","pop","pop dance",NA,NA,NA,NA,NA,NA,NA,"13saZpZnCDWOI9D4IJhp1f"
"452","Lim Kim",42109,39,1,"k-indie",NA,NA,NA,NA,NA,NA,NA,NA,NA,"4kGuk6HkL6hwuQrgSWISBv"
"453","LINDBERG",52964,42,1,"j-pop",NA,NA,NA,NA,NA,NA,NA,NA,NA,"1fwyrDSLYLNCWHRv3Siyd7"
"454","Lipps Inc.",65033,60,1,"disco","minneapolis sound",NA,NA,NA,NA,NA,NA,NA,NA,"0lwRI7lvmlRY5DiA5Xa6wQ"
"455","LIZ",65414,51,1,"dance pop","electropop","escape room","hyperpop",NA,NA,NA,NA,NA,NA,"6t2Rja6dihuxH6Mrgyynp6"
"456","LOO<U+03A0><U+0394> / ODD EYE CIRCLE",380837,54,1,"k-pop","k-pop girl group",NA,NA,NA,NA,NA,NA,NA,NA,"5KPaeBm0fVfCSZLydp9jdy"
"457","Loosefingers",371,23,1,NA,NA,NA,NA,NA,NA,NA,NA,NA,NA,"1vbs5ghUw3aJTLwlVdIqKb"
"458","Lootpack",35622,43,1,"alternative hip hop","bboy","hardcore hip hop","hip hop","turntablism",NA,NA,NA,NA,NA,"2D0NqDyt2R9RVar9MNs8kP"
"459","Los",1353,39,1,NA,NA,NA,NA,NA,NA,NA,NA,NA,NA,"396SgLoc5TB6oqatyTy2HD"
"460","Lovely Summer Chan",27809,44,1,"alt-idol","j-rock","japanese alternative rock","japanese dream pop",NA,NA,NA,NA,NA,NA,"4nA0WP72lQ6494sT3xbips"
"461","LT",0,0,1,NA,NA,NA,NA,NA,NA,NA,NA,NA,NA,"5Dlfp6vGhCNkOQFfHkCl5O"
"462","Ludacris",2049525,80,1,"atl hip hop","dance pop","dirty south rap","hip hop","pop rap","rap","southern hip hop","trap",NA,NA,"3ipn9JLAPI5GUEo4y4jcoi"
"463","lyrical school",11741,30,1,"alt-idol","idol rock","j-idol","j-pop girl group",NA,NA,NA,NA,NA,NA,"6V7cWMccRQEiOWSqygWYeK"
"464","Macaco",365972,62,1,"latin alternative","spanish pop",NA,NA,NA,NA,NA,NA,NA,NA,"7mUBMaZW1MXGswaneb0JTT"
"465","majiko",108247,58,1,"anime","anime rock","j-pixie",NA,NA,NA,NA,NA,NA,NA,"6HX4Jrnb0WhEv9goeGoh6p"
"466","Makaveli",1273571,58,1,"gangster rap","hardcore hip hop","hip hop","rap",NA,NA,NA,NA,NA,NA,"4pmNqFu71wEmFXSsYAiWK8"
"467","Makura Izumi",17,0,1,NA,NA,NA,NA,NA,NA,NA,NA,NA,NA,"795JdcDk6FtTJe6xnlr7cW"
"468","Maluma",23400529,92,1,"reggaeton","reggaeton colombiano",NA,NA,NA,NA,NA,NA,NA,NA,"1r4hJ1h58CWwUQe3MxPuau"
"469","Mamiko Suzuki",32829,42,1,"j-rap",NA,NA,NA,NA,NA,NA,NA,NA,NA,"21bkNzNX7do9qb8SM9wFQF"
"470","Marianne Shinonome",363,2,1,NA,NA,NA,NA,NA,NA,NA,NA,NA,NA,"7blKUtxG00HizwuZUqGBfS"
"471","Marilyn Manson",3108953,75,1,"alternative metal","industrial","industrial metal","industrial rock","nu metal","wrestling",NA,NA,NA,NA,"2VYQTNDsvvKN9wmU5W7xpj"
"472","Mariya Ise",50,24,1,NA,NA,NA,NA,NA,NA,NA,NA,NA,NA,"30e1S6526bG333RFXseTNq"
"473","Masafumi Takada",33149,56,1,"japanese vgm","otacore",NA,NA,NA,NA,NA,NA,NA,NA,"6u08wRMmY0Myz8HaNbIOQb"
"474","Masaki Matsubara",3240,30,1,"classic city pop",NA,NA,NA,NA,NA,NA,NA,NA,NA,"5pDFSAj0BZHUN8Uw2C5VhA"
"475","Max Coveri",7216,52,1,"eurobeat",NA,NA,NA,NA,NA,NA,NA,NA,NA,"4aFf48VQYRT631OJGgVwUv"
"476","Max Romeo",79067,54,1,"dub","reggae","rock steady","roots reggae","ska",NA,NA,NA,NA,NA,"45QpZznbXYo3nWy0TIhvgv"
"477","Maxwell Implosion",217,3,1,NA,NA,NA,NA,NA,NA,NA,NA,NA,NA,"6S57u3kaEr1ZrCOgQU6JGR"
"478","MC Eiht",235150,63,1,"g funk","gangster rap","hardcore hip hop","hip hop","west coast rap",NA,NA,NA,NA,NA,"4XqfpACObRB5AsBcUYjL8X"
"479","MC Hammer",385046,61,1,"hip hop","hip house","new jack swing","rap",NA,NA,NA,NA,NA,NA,"2rblp9fJo16ZPTcKDtlmKW"
"480","Meego",2858,46,1,NA,NA,NA,NA,NA,NA,NA,NA,NA,NA,"1a09srXkFLTxDTfQRGRpNy"
"481","Microdot",5635,36,1,"k-rap",NA,NA,NA,NA,NA,NA,NA,NA,NA,"1ToWoFmtIc9NTPFy7lR690"
"482","MIDICRONICA",5881,31,1,"ambeat",NA,NA,NA,NA,NA,NA,NA,NA,NA,"2v4xE9iGRGIKGxxCku3HWy"
"483","Miho Hatori",3046,40,1,"shibuya-kei",NA,NA,NA,NA,NA,NA,NA,NA,NA,"21StrITbN3uLjv5OdsLAja"
"484","Mikey Phin",196,27,1,NA,NA,NA,NA,NA,NA,NA,NA,NA,NA,"4N4pLV4GAXMZnK9IBoDFmU"
"485","Min Kyunghoon",24220,50,1,NA,NA,NA,NA,NA,NA,NA,NA,NA,NA,"7uv6GgFILw5jZxPnsGzER3"
"486","Minsu",7456,34,1,"k-indie",NA,NA,NA,NA,NA,NA,NA,NA,NA,"1o13ZguNtAOcOe1k0chkta"
"487","Miso",36828,55,1,"korean electropop","korean r&b",NA,NA,NA,NA,NA,NA,NA,NA,"04xEkodoWyFji8icX911jM"
"488","Miss Information",336,3,1,NA,NA,NA,NA,NA,NA,NA,NA,NA,NA,"5wnlJrrs6sCxP09C8dYhdf"
"489","Mitch Murder",67211,51,1,"filter house","synthwave",NA,NA,NA,NA,NA,NA,NA,NA,"7eOzCiTklgHxfpf6Mb3D2e"
"490","Mitsunori Ikeda",467,35,1,NA,NA,NA,NA,NA,NA,NA,NA,NA,NA,"6EP9l6n1MqBWLMDLsBGZSx"
"491","Miu Sakamoto",4140,26,1,"japanese alternative pop",NA,NA,NA,NA,NA,NA,NA,NA,NA,"53MtqYIMvV1Z2L6FCh9f3h"
"492","MIYACHI",34036,49,1,"asian american hip hop","j-rap","japanese trap",NA,NA,NA,NA,NA,NA,NA,"04mGcrL09AEKdlGVrjpf1P"
"493","MIYAVI",201493,54,1,"j-metal","visual kei",NA,NA,NA,NA,NA,NA,NA,NA,"7sBtBCNVRujQhaHDODkfTN"
"494","Mobb Deep",1231115,70,1,"east coast hip hop","gangster rap","hardcore hip hop","hip hop","queens hip hop","rap",NA,NA,NA,NA,"6O2zJ0tId7g07yzHtX0yap"
"495","Monkey Majik",134514,56,1,"j-pop","j-poprock","j-rock",NA,NA,NA,NA,NA,NA,NA,"6U2dgcU46Iy9pF3RQBj5hG"
"496","Moon Myung Jin",2830,26,1,NA,NA,NA,NA,NA,NA,NA,NA,NA,NA,"22UJMTV1uMOvqP35ujo28k"
"497","moumoon",31942,41,1,NA,NA,NA,NA,NA,NA,NA,NA,NA,NA,"2lXdBKdqczUqxZlQxqTaFF"
"498","Mr Hudson",21717,60,1,NA,NA,NA,NA,NA,NA,NA,NA,NA,NA,"1zV9UjTUevjp5VUddqIUUn"
"499","Musumeci",8121,36,1,NA,NA,NA,NA,NA,NA,NA,NA,NA,NA,"5AezOTggHnFTiQ5AiowFBf"
"500","My Mine",5204,37,1,"italian disco",NA,NA,NA,NA,NA,NA,NA,NA,NA,"6RJSLoaPbwMo58MnK83v8o"
"501","Namco Sounds",14061,52,1,"japanese vgm",NA,NA,NA,NA,NA,NA,NA,NA,NA,"2Ufp710KxNRvzFvOp96Qqd"
"502","Nao Matsuzaki",3621,30,1,NA,NA,NA,NA,NA,NA,NA,NA,NA,NA,"4kJ6CqdA47nnH8aNePaA8Q"
"503","Naomi Akimoto",3027,29,1,"classic city pop",NA,NA,NA,NA,NA,NA,NA,NA,NA,"4tVWj4YQ5kteJu56XOphEl"
"504","Nate Dogg",977617,79,1,"g funk","gangster rap","hip hop","pop rap","rap","west coast rap",NA,NA,NA,NA,"1Oa0bMld0A3u5OTYfMzp5h"
"505","Natsuko Nisshoku",32582,40,1,"japanese singer-songwriter",NA,NA,NA,NA,NA,NA,NA,NA,NA,"4GnFg9D7Ds99UI0r5t9PZK"
"506","Natvnomvzik",120,36,1,NA,NA,NA,NA,NA,NA,NA,NA,NA,NA,"2zOzJOxLjXfmycB4nh2VKk"
"507","NCT 127",3492884,75,1,"k-pop","k-pop boy group",NA,NA,NA,NA,NA,NA,NA,NA,"7f4ignuCJhLXfZ9giKT7rH"
"508","Nirvana",11951456,83,1,"alternative rock","grunge","permanent wave","rock",NA,NA,NA,NA,NA,NA,"6olE6TJLqED3rqDCT0FyPh"
"509","No Doubt",1830923,70,1,"alternative rock","dance pop","permanent wave","pop rock",NA,NA,NA,NA,NA,NA,"0cQbJU1aAzvbEmTuljWLlF"
"510","Noriko Sakai",12989,38,1,"classic city pop",NA,NA,NA,NA,NA,NA,NA,NA,NA,"5O6fCwFxAOAEOtW0FCXNEd"
"511","Nujabes",535543,65,1,"chillhop","downtempo","japanese chillhop","japanese old school hip hop","jazz rap",NA,NA,NA,NA,NA,"3Rq3YOF9YG9YfCWD4D56RZ"
"512","Odee",1112,39,1,NA,NA,NA,NA,NA,NA,NA,NA,NA,NA,"6cXolDFPOgf0wuRe5kMPxo"
"513","offonoff",213224,57,1,"chill r&b","korean r&b",NA,NA,NA,NA,NA,NA,NA,NA,"0dTj3SqwE8kPnCzyzvYzhT"
"514","Oh No",41279,49,1,"alternative hip hop","wonky",NA,NA,NA,NA,NA,NA,NA,NA,"5PA6iCCOkq14PpMWWlhJ5T"
"515","OHHYUK",25326,50,1,"k-indie","korean pop",NA,NA,NA,NA,NA,NA,NA,NA,"68TCVp5t1Dxi2TvNuYoYK0"
"516","Oikawa Neko",21,0,1,NA,NA,NA,NA,NA,NA,NA,NA,NA,NA,"6hnDAp7sMJs7VsuDxclyou"
"517","Okasian",38521,37,1,"k-rap",NA,NA,NA,NA,NA,NA,NA,NA,NA,"5XdnR0kqQUWzeTDdsJNulO"
"518","Okazaki Taiiku",72331,48,1,"japanese electropop",NA,NA,NA,NA,NA,NA,NA,NA,NA,"5yKQkcO2MWUp3Z5jUs70pW"
"519","OLEK",3078,59,1,"polish hip hop","polish trap",NA,NA,NA,NA,NA,NA,NA,NA,"4nRJJWVfbPAULHZl7VYVE8"
"520","Omegah Red",3599,36,1,NA,NA,NA,NA,NA,NA,NA,NA,NA,NA,"0uOSxOGedkz9jzlhbTJcDB"
"521","Osshun Gum",6719,34,1,"k-rap",NA,NA,NA,NA,NA,NA,NA,NA,NA,"4F4rHRjTw15zhEFKvnLs7q"
"522","Pacewon",4954,47,1,"new jersey rap",NA,NA,NA,NA,NA,NA,NA,NA,NA,"4xlnKEcLzFYoxRmAuxI2Yt"
"523","Palms Trax",46313,42,1,"float house","lo-fi house",NA,NA,NA,NA,NA,NA,NA,NA,"52XSRQqTAfZ8ZrIqkQvQyA"
"524","PASSEPIED",48836,43,1,"idol rock","japanese alternative rock","japanese indie pop",NA,NA,NA,NA,NA,NA,NA,"115IWAVy4OTxhE0xdDef1c"
"525","Passionate Mc",2002,37,1,NA,NA,NA,NA,NA,NA,NA,NA,NA,NA,"39Cz5apCJ3Dp63FFZSxsCp"
"526","PENTAGON",1128171,65,1,"k-pop","k-pop boy group",NA,NA,NA,NA,NA,NA,NA,NA,"1wKpMkucynaTfG8lyPprYV"
"527","Perfume",550141,58,1,"bitpop","j-idol","j-pop","j-pop girl group","japanese electropop","shibuya-kei",NA,NA,NA,NA,"2XMxWKPKCxoLkSdpCViCnr"
"528","Philtre",440,11,1,NA,NA,NA,NA,NA,NA,NA,NA,NA,NA,"3FIZk2kINBRZGWMxOfSevK"
"529","Playdough",2806,15,1,"christian hip hop",NA,NA,NA,NA,NA,NA,NA,NA,NA,"2hjEGPXpN1BGpNjODQ4ImL"
"530","Priscilla",1280,39,1,NA,NA,NA,NA,NA,NA,NA,NA,NA,NA,"3guo5KSFSYSvcyH7kEiNBy"
"531","Q-Tip",437107,66,1,"alternative hip hop","east coast hip hop","hardcore hip hop","hip hop","neo soul","queens hip hop",NA,NA,NA,NA,"3ZotbHeyVQKxQCPDJuQ4SU"
"532","R.A. The Rugged Man",98318,54,1,"alternative hip hop","conscious hip hop","east coast hip hop","hardcore hip hop","hip hop","underground rap",NA,NA,NA,NA,"3mUHAiDazZq75gh6If5zoD"
"533","Raekwon",409211,65,1,"alternative hip hop","east coast hip hop","gangster rap","hardcore hip hop","hip hop","rap","southern hip hop",NA,NA,NA,"2yQf6b8hxahZaT5dHlWaB1"
"534","Raito",4606,41,1,"japanese vgm","sound team",NA,NA,NA,NA,NA,NA,NA,NA,"7kxmGiNppHPNj3rfnolmkN"
"535","Rakim",545405,60,1,"east coast hip hop","gangster rap","hardcore hip hop","hip hop","rap",NA,NA,NA,NA,NA,"3PyWEKLWI0vHPmoNrIX0QE"
"536","Rakiyah",2497,34,1,NA,NA,NA,NA,NA,NA,NA,NA,NA,NA,"3EaMWS6JZsJwBICEFUsWPR"
"537","Rapsody",178246,60,1,"alternative hip hop","hip hop","north carolina hip hop","southern hip hop","trap queen","underground hip hop",NA,NA,NA,NA,"6NL31G53xThQXkFs7lDpL5"
"538","Rarin",11656,66,1,"sad rap",NA,NA,NA,NA,NA,NA,NA,NA,NA,"3VhKwjUzCzgIJAzpjMBXmQ"
"539","Red Velvet - IRENE & SEULGI",192840,63,1,"k-pop",NA,NA,NA,NA,NA,NA,NA,NA,NA,"6bwp9ObI8FWvMPCIWVBmhl"
"540","Reddy",26121,46,1,"k-rap",NA,NA,NA,NA,NA,NA,NA,NA,NA,"69H1Ooj2eBJXLTk3IEBV0v"
"541","RHYME",492,13,1,NA,NA,NA,NA,NA,NA,NA,NA,NA,NA,"5soNcAUPxpWwipU594dlqZ"
"542","Rich Travali",120,53,1,NA,NA,NA,NA,NA,NA,NA,NA,NA,NA,"0vjnkhhMwacKwkrJFE0TVH"
"543","Richie Kohan",1132,51,1,"epicore",NA,NA,NA,NA,NA,NA,NA,NA,NA,"3QYRu7CWJylnxkvbTS3ovC"
"544","RJD2",311702,57,1,"alternative hip hop","big beat","electronica","jazztronica","ninja","nu jazz","turntablism",NA,NA,NA,"1O3ZOjqFLEnbpZexcRjocn"
"545","Rob Thomas",626835,65,1,"neo mellow","pop rock",NA,NA,NA,NA,NA,NA,NA,NA,"3aBkeBhwadnWMWoVJ2CxJC"
"546","Rockwell",15551,57,1,NA,NA,NA,NA,NA,NA,NA,NA,NA,NA,"3xs0LEzcPXtgNfMNcHzLIP"
"547","Rolling Quartz",15473,36,1,NA,NA,NA,NA,NA,NA,NA,NA,NA,NA,"5mVYT7sPm3xsNMrA8YWONe"
"548","Ruff Loaderz",504,58,1,NA,NA,NA,NA,NA,NA,NA,NA,NA,NA,"5JOIrGvup0vD5VjodB62Ui"
"549","Ryan Tedder",22715,62,1,NA,NA,NA,NA,NA,NA,NA,NA,NA,NA,"4we5S2VLjgY9KzIzApL1KI"
"550","SAAY",66681,48,1,"korean r&b",NA,NA,NA,NA,NA,NA,NA,NA,NA,"2pvCf5g7XBReiPIvcq7W18"
"551","Sama-D",13,2,1,NA,NA,NA,NA,NA,NA,NA,NA,NA,NA,"4u9CDfsHbUCQ8ExDcpYDOB"
"552","San E",68873,42,1,"k-pop","k-rap",NA,NA,NA,NA,NA,NA,NA,NA,"61MMiylth1injW39oZBuYB"
"553","Saudi",17073,55,1,"south african hip hop",NA,NA,NA,NA,NA,NA,NA,NA,NA,"37Qsf5KCKljH7mL134xp4k"
"554","SCANDAL",218980,54,1,"anime","idol rock","j-pop","j-poprock",NA,NA,NA,NA,NA,NA,"7hTZwqQILVH4bAbN67CeEz"
"555","Selena Gomez & The Scene",6127336,71,1,"dance pop","electropop","pop","pop dance","pop rap","post-teen pop","viral pop",NA,NA,NA,"6dJeKm76NjfXBNTpHmOhfO"
"556","Seo Taiji and Boys",11814,32,1,"korean pop",NA,NA,NA,NA,NA,NA,NA,NA,NA,"52Gsa9Zypqztm2DeNkQfCm"
"557","SEUNGRI",414237,62,1,"k-pop",NA,NA,NA,NA,NA,NA,NA,NA,NA,"20j1uz7iDOtIvIzCr5S8nx"
"558","Shaboozey",11884,56,1,"pop rap",NA,NA,NA,NA,NA,NA,NA,NA,NA,"3y2cIKLjiOlp1Np37WiUdH"
"559","Shina-E",5,1,1,NA,NA,NA,NA,NA,NA,NA,NA,NA,NA,"0zWF6kgIyBbdEnrxWLgh2V"
"560","SHINee",2060120,66,1,"k-pop","k-pop boy group","korean pop",NA,NA,NA,NA,NA,NA,NA,"2hRQKC0gqlZGPrmUKbcchR"
"561","Shing02",43871,50,1,"ambeat",NA,NA,NA,NA,NA,NA,NA,NA,NA,"0FB6beTn4vescDdnHeCUm9"
"562","SHISHAMO",338234,54,1,"j-pop","j-rock","japanese alternative rock",NA,NA,NA,NA,NA,NA,NA,"6MGHit7sV38BhpChZYByFv"
"563","Shofu",10370,49,1,NA,NA,NA,NA,NA,NA,NA,NA,NA,NA,"6Mt5Jv5qiHPyCmnaLbr6Rz"
"564","SIKK-O",344,35,1,NA,NA,NA,NA,NA,NA,NA,NA,NA,NA,"62x90xtztIeFjU7Z9eVKDR"
"565","Simon Phillips",292,31,1,NA,NA,NA,NA,NA,NA,NA,NA,NA,NA,"1OGCS507PQzgLappLg26AK"
"566","SIRUP",152435,57,1,"j-pop","japanese r&b","japanese soul",NA,NA,NA,NA,NA,NA,NA,"1HzcHe0WFm4koBalCEOkVh"
"567","Sister Nancy",83127,53,1,"dub","old school dancehall","reggae","roots reggae",NA,NA,NA,NA,NA,NA,"21pMSs2JHWwwy2kp1QIIVB"
"568","Skepta",869087,80,1,"birmingham grime","grime","instrumental grime","rap",NA,NA,NA,NA,NA,NA,"2p1fiYHYiXz9qi0JJyxBzN"
"569","Skylar Grey",433953,74,1,"piano rock","viral pop",NA,NA,NA,NA,NA,NA,NA,NA,"4utLUGcTvOJFr6aqIJtYWV"
"570","Skyzoo",52266,42,1,"alternative hip hop","boom bap","hardcore hip hop","hip hop","soul flow",NA,NA,NA,NA,NA,"0qHfqHyHZnxvv1lfkJraQc"
"571","slowthai",294422,71,1,"hip hop","rap","uk alternative hip hop","uk hip hop",NA,NA,NA,NA,NA,NA,"3r1XkJ7vCs8kHBSzGvPLdP"
"572","Smokey & Miho",710,15,1,NA,NA,NA,NA,NA,NA,NA,NA,NA,NA,"4ugKaIEVH5GFg8H1mGAB0a"
"573","Snacky Chan",1818,27,1,"k-rap",NA,NA,NA,NA,NA,NA,NA,NA,NA,"4UTKdKB32XqCsQGLjZEfmw"
"574","SOB X RBE",443548,61,1,"cali rap","trap","vapor trap",NA,NA,NA,NA,NA,NA,NA,"2TImI3DW7o5MdRXJs4D37h"
"575","sogumm",11202,46,1,"k-indie",NA,NA,NA,NA,NA,NA,NA,NA,NA,"50x9jHrP6wy9fo3jK5pNqS"
"576","Soil & ""Pimp"" Sessions",49748,43,1,"japanese jazz","japanese jazz fusion","japanese jazztronica",NA,NA,NA,NA,NA,NA,NA,"5COMNbVWoe1Kb5UTFAaUwF"
"577","SOLE",33295,53,1,"k-indie","korean pop","korean r&b",NA,NA,NA,NA,NA,NA,NA,"6naXFodImN2DwRmKCQHAUt"
"578","SOYEON of (G)I-DLE",260131,62,1,"k-pop",NA,NA,NA,NA,NA,NA,NA,NA,NA,"6Xg22wJOAcnvPUfk5WvODH"
"579","Space Cowboy",9111,47,1,NA,NA,NA,NA,NA,NA,NA,NA,NA,NA,"7IEs29neldWttflhIzGhCX"
"580","Stephen Marley",474969,64,1,"modern reggae","reggae","roots reggae",NA,NA,NA,NA,NA,NA,NA,"0CIwCGmQMqHqiblnZlFia1"
"581","Steve Lacy",511493,74,1,"afrofuturism","alternative r&b","rap",NA,NA,NA,NA,NA,NA,NA,"57vWImR43h4CaDao012Ofp"
"582","Stevie Stone",136893,54,1,"deep underground hip hop",NA,NA,NA,NA,NA,NA,NA,NA,NA,"2IvPBSC4CgNLYC1GHEAxcN"
"583","Styles P",435925,65,1,"battle rap","east coast hip hop","gangster rap","hardcore hip hop","hip hop","pop rap","rap","southern hip hop","trap",NA,"2x8KDZdSONA3872CnhaAlX"
"584","Suga Bang",390,16,1,NA,NA,NA,NA,NA,NA,NA,NA,NA,NA,"1Oy0p6HJJzUDHWt7GdONnm"
"585","SUPERBEE",34635,49,1,"k-rap",NA,NA,NA,NA,NA,NA,NA,NA,NA,"0Q5XzDpn7DCI5jlubok4xb"
"586","SuperM",1301317,67,1,"k-pop",NA,NA,NA,NA,NA,NA,NA,NA,NA,"5BHFSMEjfLVx1JwRWjAOsE"
"587","Supreme Boi",6265,52,1,NA,NA,NA,NA,NA,NA,NA,NA,NA,NA,"6sBiS0iWcCyMMgiYrEOxbt"
"588","Survivor",670691,71,1,"album rock","hard rock","rock","soft rock",NA,NA,NA,NA,NA,NA,"26bcq2nyj5GB7uRr558iQg"
"589","Swavay",10795,56,1,"atl hip hop","indie hip hop",NA,NA,NA,NA,NA,NA,NA,NA,"29gIYsdyccGoUc6qgkZeTK"
"590","Sway D",2245,40,1,"k-rap",NA,NA,NA,NA,NA,NA,NA,NA,NA,"3HfWEOcXit3EkuRCt5M3Yd"
"591","Swing Slow",2622,28,1,NA,NA,NA,NA,NA,NA,NA,NA,NA,NA,"143PqSeGuE4117P3YDV1lQ"
"592","Swizz Beatz",275284,66,1,"battle rap","hip pop","pop rap","rap","southern hip hop","trap",NA,NA,NA,NA,"2cADQgiLMjNhbsfeN52Bf3"
"593","T-SQUARE",31407,43,1,"anime score","japanese jazz","japanese jazz fusion",NA,NA,NA,NA,NA,NA,NA,"7BwOjwl5mKpGVIvzvqEcie"
"594","T.I.",3594822,79,1,"atl hip hop","dance pop","dirty south rap","gangster rap","hip hop","pop rap","rap","southern hip hop","trap",NA,"4OBJLual30L7gRl5UkeRcT"
"595","Tablo",176152,52,1,"k-pop","k-rap","korean r&b",NA,NA,NA,NA,NA,NA,NA,"3NdOtTPPaXrCyC7Lpmzyhv"
"596","TAEYONG",493782,53,1,"k-pop",NA,NA,NA,NA,NA,NA,NA,NA,NA,"6SKusTjOAPsTZ6kareKQdm"
"597","TANUKI",10215,41,1,"future funk","j-core",NA,NA,NA,NA,NA,NA,NA,NA,"5n3X0T0RlvRxUR6l9dBwB8"
"598","Tarifa Chill Out",3681,21,1,NA,NA,NA,NA,NA,NA,NA,NA,NA,NA,"1sgc8KHmYZjlIfQbjOPbMH"
"599","Tavito Nanao",35049,40,1,"j-rock","japanese r&b","japanese singer-songwriter","japanese soul",NA,NA,NA,NA,NA,NA,"6OK5I4qMrrS3taSgczMS1a"
"600","Tempalay",79210,48,1,"j-rock","japanese alternative rock",NA,NA,NA,NA,NA,NA,NA,NA,"5IlQkA8Lq4X0dOWHBumeJP"
"601","Tetsuya Komuro",17605,32,1,"j-pop",NA,NA,NA,NA,NA,NA,NA,NA,NA,"0YXSqOpIseLknz8JjcX0UH"
"602","The Boys Choir Of Harlem",1155,42,1,"children's choir",NA,NA,NA,NA,NA,NA,NA,NA,NA,"7Cp14KBRtDwGucKNPUyT11"
"603","The Cataracs",97597,65,1,NA,NA,NA,NA,NA,NA,NA,NA,NA,NA,"7C64wNX3howEFZjAYRKsfP"
"604","The Furious Five",14057,35,1,"bronx hip hop",NA,NA,NA,NA,NA,NA,NA,NA,NA,"77iR4WkkEWMrhAw8lFFL2v"
"605","The Jackson 5",1078586,75,1,"adult standards","motown",NA,NA,NA,NA,NA,NA,NA,NA,"2iE18Oxc8YSumAU232n4rW"
"606","The Lady Of Rage",21469,42,1,"g funk","gangster rap",NA,NA,NA,NA,NA,NA,NA,NA,"5CxwOBCoGSvWxfDgNoa1Nv"
"607","The Nolans",18659,43,1,"classic uk pop",NA,NA,NA,NA,NA,NA,NA,NA,NA,"2H32fphWQj9hhVuCOKkchM"
"608","THE ORAL CIGARETTES",373037,64,1,"j-pop","j-poprock","j-rock","japanese indie rock",NA,NA,NA,NA,NA,NA,"4rqJz9fE9prZvQd8WsQv6q"
"609","The Pharcyde",446019,63,1,"alternative hip hop","hardcore hip hop","hip hop","jazz rap","rap","west coast rap",NA,NA,NA,NA,"7yk35uHNQclPXFGFoTU44w"
"610","The Product G&B",1683,57,1,NA,NA,NA,NA,NA,NA,NA,NA,NA,NA,"782IpIScTpnDhYb9hyxOu1"
"611","The Pussycat Dolls",4009306,74,1,"dance pop","girl group","pop","pop dance","pop rap","post-teen pop","urban contemporary",NA,NA,NA,"6wPhSqRtPu1UhRCDX5yaDJ"
"612","The Sugarhill Gang",222541,57,1,"east coast hip hop","funk","hip hop","hip house","new jersey rap","old school hip hop","rap",NA,NA,NA,"7zliF6Q946WznVk3ZMYhZX"
"613","The Underachievers",321693,56,1,"psychedelic hip hop","rap","underground hip hop",NA,NA,NA,NA,NA,NA,NA,"51Pn4gGnZuyOMDfIT1Zy3N"
"614","The Upsetters",36864,55,1,"dub","reggae","rock steady","roots reggae","ska",NA,NA,NA,NA,NA,"12CNljuN6DW9e5x61FS03b"
"615","Thea Van Seijen",285,22,1,"wu fam",NA,NA,NA,NA,NA,NA,NA,NA,NA,"48ZI8lhMUQFmOMsegaT1x9"
"616","THREE1989",48373,42,1,"j-dance","japanese r&b","japanese soul",NA,NA,NA,NA,NA,NA,NA,"43pUK083tLA3lk3JQr5ATn"
"617","Thundercat",670236,72,1,"afrofuturism",NA,NA,NA,NA,NA,NA,NA,NA,NA,"4frXpPxQQZwbCu3eTGnZEw"
"618","Tokimeki Records",6113,45,1,"city pop",NA,NA,NA,NA,NA,NA,NA,NA,NA,"73vrL9RiKlSaQFo2izavC1"
"619","TOKU",2258,25,1,"japanese vocal jazz",NA,NA,NA,NA,NA,NA,NA,NA,NA,"5PKGGjmxe8c0uWQSJlhL2q"
"620","Tomoyo Harada",43256,42,1,"anime score","japanese jazz","shibuya-kei",NA,NA,NA,NA,NA,NA,NA,"6tl1VDtemwax4iIKxqekK1"
"621","Tones And I",2552747,82,1,"australian pop","pop",NA,NA,NA,NA,NA,NA,NA,NA,"2NjfBq1NflQcKSeiDooVjY"
"622","Travis Scott",14783917,94,1,"rap",NA,NA,NA,NA,NA,NA,NA,NA,NA,"0Y5tJX1MQlPlqiwlOH1tJY"
"623","Trevor Rich",276,53,1,NA,NA,NA,NA,NA,NA,NA,NA,NA,NA,"6QhPWkWn4HiqXP9b3OMLKI"
"624","Trouble Maker",176641,47,1,"k-pop",NA,NA,NA,NA,NA,NA,NA,NA,NA,"0ztjVBmFk6OuHq6XBBwMI9"
"625","TSUBOI",2,2,1,NA,NA,NA,NA,NA,NA,NA,NA,NA,NA,"5zfK3Q7rKgCvQ6r21YCbUG"
"626","Twista",670589,70,1,"chicago rap","dance pop","dirty south rap","gangster rap","hip hop","pop rap","rap","trap","urban contemporary",NA,"6vbY3hOaCAhC7VjucswgdS"
"627","UA",95877,41,1,"j-rock","japanese singer-songwriter","shibuya-kei",NA,NA,NA,NA,NA,NA,NA,"43XHGbWVe5qKVCuI0HMep0"
"628","Uesaka Sumire",449,14,1,NA,NA,NA,NA,NA,NA,NA,NA,NA,NA,"63PT4czD5rzc6AEMCEryl5"
"629","Ugly Duck",5329,53,1,"k-rap",NA,NA,NA,NA,NA,NA,NA,NA,NA,"0Qr4St9aCOLu41Nt5QZIz1"
"630","Upstates",11937,29,1,NA,NA,NA,NA,NA,NA,NA,NA,NA,NA,"3vFCgxYcaQ5iBPavzd6bqH"
"631","Utae",507,10,1,NA,NA,NA,NA,NA,NA,NA,NA,NA,NA,"30aaJCBZ3WASNcbq27Z3MG"
"632","Vandesande",71,25,1,NA,NA,NA,NA,NA,NA,NA,NA,NA,NA,"1XQTSZlJDmxoGzS1DeIzUm"
"633","Victoria Monét",283666,67,1,"alternative r&b","chill r&b","dance pop","indie r&b","pop","pop r&b","pop rap","post-teen pop","r&b","urban contemporary","63XBtGSEZINSyXylZxEUbv"
"634","WagakkiBand",197135,53,1,"idol rock","kawaii metal","oriental metal","shamisen",NA,NA,NA,NA,NA,NA,"3PzqP5IkpLhlSdZLh7jwPn"
"635","WAKUSEI ABNORMAL",3623,23,1,NA,NA,NA,NA,NA,NA,NA,NA,NA,NA,"1MeQhADFeadgcic2GpcND1"
"636","Wale",2929214,77,1,"dance pop","gangster rap","hip hop","pop","pop rap","r&b","rap","southern hip hop","trap","urban contemporary","67nwj3Y5sZQLl72VNUHEYE"
"637","WEDNESDAY CAMPANELLA",131228,45,1,"j-dance","japanese electropop",NA,NA,NA,NA,NA,NA,NA,NA,"0bp9CvkjQYhUJvWRHjFRWI"
"638","White Gold",1821,67,1,NA,NA,NA,NA,NA,NA,NA,NA,NA,NA,"79KQgTCu4wV38ECYKn62DZ"
"639","WJSN",405826,55,1,"k-pop","k-pop girl group",NA,NA,NA,NA,NA,NA,NA,NA,"6hhqsQZhtp9hfaZhSd0VSD"
"640","Wonder Girls",382936,54,1,"k-pop","k-pop girl group",NA,NA,NA,NA,NA,NA,NA,NA,"3Cv2vi3WTl8VZOTdrBkKdM"
"641","Woo",59465,55,1,"k-indie","k-rap","korean pop",NA,NA,NA,NA,NA,NA,NA,"5a8EJtOEbUJDF4RX3mKK02"
"642","Wyclef Jean",233242,72,1,"rap kreyol",NA,NA,NA,NA,NA,NA,NA,NA,NA,"7aBzpmFXB4WWpPl2F7RjBe"
"643","XXXTENTACION",24664085,93,1,"emo rap","miami hip hop",NA,NA,NA,NA,NA,NA,NA,NA,"15UsOTVnJzReFVN1VCnxy4"
"644","Yaffle",3357,30,1,NA,NA,NA,NA,NA,NA,NA,NA,NA,NA,"2BbGifSrMGEgvUXLypUWzV"
"645","YANGHONGWON",29165,46,1,"k-rap",NA,NA,NA,NA,NA,NA,NA,NA,NA,"1SsVqqC31h54Hg08g7uQhM"
"646","Yo Gotti",3152457,76,1,"dirty south rap","gangster rap","hip hop","memphis hip hop","pop rap","rap","southern hip hop","tennessee hip hop","trap",NA,"6Ha4aES39QiVjR0L2lwuwq"
"647","Yoko Oginome",47128,44,1,"classic city pop",NA,NA,NA,NA,NA,NA,NA,NA,NA,"6yqXW1ZKNeDm04DguLHoJk"
"648","YonYon",16692,48,1,"japanese chill rap",NA,NA,NA,NA,NA,NA,NA,NA,NA,"31cQ1UZ89lT9gFf6bvADZl"
"649","Young Thug",5853716,91,1,"atl hip hop","atl trap","gangster rap","hip hop","melodic rap","pop rap","rap","trap",NA,NA,"50co4Is1HCEo8bhOyUWKpn"
"650","Young Zee",4543,42,1,"new jersey rap",NA,NA,NA,NA,NA,NA,NA,NA,NA,"4OqgHlGnIFHukth5CY1Ejj"
"651","Yubin",122872,43,1,"k-pop","korean city pop",NA,NA,NA,NA,NA,NA,NA,NA,"3JUj7c2h5xkdOf0GJ07VWE"
"652","Yufu Terashima",2006,17,1,"alt-idol",NA,NA,NA,NA,NA,NA,NA,NA,NA,"1EprrjlHDT5PD1w2NrHDPJ"
"653","Yugen Blakrok",11046,48,1,"south african hip hop","spiritual hip hop",NA,NA,NA,NA,NA,NA,NA,NA,"3kv1Edgn5HlEWCuEKr1Y9x"
"654","Yuko Ando",39118,57,1,"anime","j-rock","japanese singer-songwriter",NA,NA,NA,NA,NA,NA,NA,"12dhEcVUnJVnIQLt91VdA3"
"655","Yuksek",84753,53,1,"alternative dance","disco house","electro house","electrofox","electronica","filter house","french indie pop","french indietronica","new french touch","new rave","2ePIzx9NjxplS724QMZtsf"
"656","YunB",10081,36,1,"k-rap",NA,NA,NA,NA,NA,NA,NA,NA,NA,"2Z7teNgQJnz6qUp8FmhEtG"
"657","Yuzo Koshiro",11275,46,1,"japanese vgm",NA,NA,NA,NA,NA,NA,NA,NA,NA,"2e5j2AHVM9srnFD0Lev7TO"
"658","Zack De La Rocha",60141,55,1,"industrial hip hop","political hip hop",NA,NA,NA,NA,NA,NA,NA,NA,"1jKpNUjiz4KXgaAZD5FI9S"
"659","ZOMBIE-CHANG",13512,31,1,"j-indie","japanese electropop",NA,NA,NA,NA,NA,NA,NA,NA,"3Wsg07elLUSq6AdkUw1W9U"
